ISIN;CH0032980226;CH0032980283;CH0032980689
SYMBOL;SFC14Y;SFC13Y;SFC12Y
NAME;SBI For Corp AAA-BBB Y;SBI For Corp AAA-A Y;SBI For Corp AAA-AA Y
INDEX TYPE;Yield;Yield;Yield
DATE;Close;Close;Close
26.11.2020;0.05;-0.05;-0.13
25.11.2020;0.07;-0.04;-0.13
24.11.2020;0.06;-0.05;-0.13
23.11.2020;0.06;-0.05;-0.13
20.11.2020;0.07;-0.05;-0.13
19.11.2020;0.08;-0.04;-0.12
18.11.2020;0.08;-0.04;-0.12
17.11.2020;0.08;-0.04;-0.12
16.11.2020;0.09;-0.03;-0.12
13.11.2020;0.08;-0.04;-0.12
12.11.2020;0.1;-0.02;-0.1
11.11.2020;0.12;0;-0.09
10.11.2020;0.13;0;-0.08
09.11.2020;0.11;-0.01;-0.11
06.11.2020;0.1;-0.04;-0.14
05.11.2020;0.1;-0.05;-0.15
04.11.2020;0.11;-0.04;-0.14
03.11.2020;0.12;-0.03;-0.13
02.11.2020;0.11;-0.04;-0.14
30.10.2020;0.1;-0.06;-0.16
29.10.2020;0.09;-0.06;-0.16
28.10.2020;0.09;-0.06;-0.16
27.10.2020;0.1;-0.04;-0.14
26.10.2020;0.11;-0.03;-0.13
23.10.2020;0.12;-0.03;-0.13
22.10.2020;0.11;-0.04;-0.14
21.10.2020;0.11;-0.04;-0.14
20.10.2020;0.1;-0.05;-0.15
19.10.2020;0.11;-0.04;-0.15
16.10.2020;0.1;-0.05;-0.16
15.10.2020;0.1;-0.05;-0.15
14.10.2020;0.11;-0.04;-0.14
13.10.2020;0.11;-0.04;-0.14
12.10.2020;0.12;-0.03;-0.13
09.10.2020;0.12;-0.03;-0.13
08.10.2020;0.13;-0.01;-0.11
07.10.2020;0.14;0;-0.11
06.10.2020;0.15;0;-0.11
05.10.2020;0.14;0;-0.11
02.10.2020;0.14;-0.01;-0.12
01.10.2020;0.15;0;-0.11
30.09.2020;0.14;-0.01;-0.13
29.09.2020;0.14;-0.01;-0.12
28.09.2020;0.14;-0.01;-0.12
25.09.2020;0.15;0;-0.11
24.09.2020;0.14;0;-0.12
23.09.2020;0.13;-0.01;-0.12
22.09.2020;0.13;-0.01;-0.12
21.09.2020;0.13;-0.01;-0.12
18.09.2020;0.15;0.01;-0.1
17.09.2020;0.15;0;-0.1
16.09.2020;0.15;0.01;-0.1
15.09.2020;0.16;0.01;-0.09
14.09.2020;0.16;0.02;-0.09
11.09.2020;0.17;0.03;-0.08
10.09.2020;0.19;0.05;-0.06
09.09.2020;0.17;0.03;-0.08
08.09.2020;0.16;0.02;-0.08
07.09.2020;0.17;0.03;-0.08
04.09.2020;0.16;0.02;-0.08
03.09.2020;0.16;0.02;-0.08
02.09.2020;0.19;0.04;-0.06
01.09.2020;0.22;0.08;-0.02
31.08.2020;0.23;0.09;-0.02
28.08.2020;0.24;0.1;-0.01
27.08.2020;0.24;0.1;0
26.08.2020;0.24;0.1;-0.01
25.08.2020;0.24;0.1;-0.01
24.08.2020;0.2;0.06;-0.05
21.08.2020;0.21;0.06;-0.05
20.08.2020;0.22;0.08;-0.04
19.08.2020;0.23;0.08;-0.03
18.08.2020;0.24;0.1;-0.01
17.08.2020;0.26;0.11;0
14.08.2020;0.27;0.12;0
13.08.2020;0.26;0.12;0
12.08.2020;0.24;0.1;-0.02
11.08.2020;0.23;0.08;-0.04
10.08.2020;0.21;0.07;-0.05
07.08.2020;0.27;0.12;0
06.08.2020;0.23;0.08;-0.04
05.08.2020;0.24;0.09;-0.03
04.08.2020;0.23;0.08;-0.04
03.08.2020;0.24;0.09;-0.05
31.07.2020;0.23;0.08;-0.05
30.07.2020;0.23;0.08;-0.05
29.07.2020;0.24;0.09;-0.04
28.07.2020;0.24;0.08;-0.04
27.07.2020;0.25;0.1;-0.03
24.07.2020;0.28;0.12;-0.01
23.07.2020;0.26;0.11;-0.02
22.07.2020;0.27;0.12;-0.01
21.07.2020;0.3;0.15;0.02
20.07.2020;0.31;0.16;0.03
17.07.2020;0.3;0.15;0.02
16.07.2020;0.3;0.15;0.01
15.07.2020;0.31;0.16;0.03
14.07.2020;0.32;0.17;0.04
13.07.2020;0.32;0.17;0.04
10.07.2020;0.29;0.14;0.01
09.07.2020;0.33;0.18;0.04
08.07.2020;0.34;0.19;0.05
07.07.2020;0.35;0.2;0.06
06.07.2020;0.35;0.2;0.06
03.07.2020;0.35;0.2;0.06
02.07.2020;0.36;0.2;0.06
01.07.2020;0.37;0.22;0.08
30.06.2020;0.34;0.18;0.04
29.06.2020;0.35;0.2;0.06
26.06.2020;0.35;0.2;0.06
25.06.2020;0.35;0.2;0.06
24.06.2020;0.36;0.22;0.08
23.06.2020;0.36;0.21;0.07
22.06.2020;0.34;0.19;0.05
19.06.2020;0.34;0.19;0.06
18.06.2020;0.34;0.19;0.06
17.06.2020;0.35;0.2;0.06
16.06.2020;0.36;0.21;0.07
15.06.2020;0.36;0.21;0.06
12.06.2020;0.37;0.22;0.07
11.06.2020;0.37;0.22;0.07
10.06.2020;0.41;0.27;0.12
09.06.2020;0.41;0.27;0.12
08.06.2020;0.43;0.29;0.13
05.06.2020;0.47;0.32;0.16
04.06.2020;0.48;0.32;0.15
03.06.2020;0.5;0.33;0.14
02.06.2020;0.5;0.32;0.13
29.05.2020;0.5;0.32;0.11
28.05.2020;0.52;0.35;0.14
27.05.2020;0.58;0.41;0.19
26.05.2020;0.54;0.36;0.15
25.05.2020;0.54;0.35;0.13
22.05.2020;0.54;0.36;0.14
20.05.2020;0.54;0.36;0.14
19.05.2020;0.55;0.37;0.15
18.05.2020;0.55;0.36;0.13
15.05.2020;0.55;0.36;0.13
14.05.2020;0.55;0.36;0.14
13.05.2020;0.54;0.35;0.13
12.05.2020;0.57;0.38;0.16
11.05.2020;0.58;0.39;0.17
08.05.2020;0.57;0.38;0.16
07.05.2020;0.59;0.4;0.18
06.05.2020;0.61;0.42;0.2
05.05.2020;0.62;0.44;0.21
04.05.2020;0.63;0.44;0.22
30.04.2020;0.68;0.48;0.25
29.04.2020;0.72;0.52;0.28
28.04.2020;0.76;0.56;0.3
27.04.2020;0.77;0.57;0.31
24.04.2020;0.81;0.61;0.36
23.04.2020;0.86;0.66;0.41
22.04.2020;0.88;0.67;0.42
21.04.2020;0.87;0.65;0.39
20.04.2020;0.84;0.63;0.38
17.04.2020;0.84;0.63;0.38
16.04.2020;0.89;0.67;0.42
15.04.2020;0.91;0.7;0.44
14.04.2020;0.98;0.78;0.52
09.04.2020;1.07;0.85;0.57
08.04.2020;1.18;0.96;0.66
07.04.2020;1.23;1.01;0.67
06.04.2020;1.25;1.02;0.68
03.04.2020;1.24;1;0.66
02.04.2020;1.24;1;0.66
01.04.2020;1.23;1;0.67
31.03.2020;1.17;0.94;0.63
30.03.2020;1.3;1.05;0.71
27.03.2020;1.34;1.1;0.75
26.03.2020;1.45;1.2;0.85
25.03.2020;1.54;1.26;0.9
24.03.2020;1.59;1.3;0.96
23.03.2020;1.59;1.28;0.94
20.03.2020;1.49;1.23;0.89
19.03.2020;1.5;1.23;0.9
18.03.2020;1.43;1.16;0.84
17.03.2020;1.13;0.85;0.51
16.03.2020;1.04;0.75;0.49
13.03.2020;0.78;0.61;0.35
12.03.2020;0.61;0.43;0.19
11.03.2020;0.21;0.05;-0.11
10.03.2020;0.23;0.05;-0.1
09.03.2020;0.47;0.29;0.06
06.03.2020;-0.13;-0.25;-0.37
05.03.2020;-0.18;-0.29;-0.38
04.03.2020;-0.19;-0.3;-0.4
03.03.2020;-0.21;-0.31;-0.41
02.03.2020;-0.25;-0.35;-0.44
28.02.2020;-0.25;-0.33;-0.42
27.02.2020;-0.25;-0.34;-0.41
26.02.2020;-0.25;-0.32;-0.4
25.02.2020;-0.26;-0.34;-0.41
24.02.2020;-0.25;-0.33;-0.4
21.02.2020;-0.23;-0.3;-0.37
20.02.2020;-0.22;-0.3;-0.37
19.02.2020;-0.21;-0.28;-0.35
18.02.2020;-0.2;-0.27;-0.34
17.02.2020;-0.18;-0.25;-0.32
14.02.2020;-0.17;-0.24;-0.32
13.02.2020;-0.17;-0.24;-0.31
12.02.2020;-0.15;-0.22;-0.29
11.02.2020;-0.16;-0.23;-0.3
10.02.2020;-0.16;-0.23;-0.3
07.02.2020;-0.14;-0.21;-0.28
06.02.2020;-0.12;-0.19;-0.26
05.02.2020;-0.13;-0.2;-0.27
04.02.2020;-0.15;-0.22;-0.3
03.02.2020;-0.17;-0.24;-0.32
31.01.2020;-0.18;-0.25;-0.33
30.01.2020;-0.16;-0.24;-0.32
29.01.2020;-0.15;-0.23;-0.31
28.01.2020;-0.15;-0.23;-0.3
27.01.2020;-0.18;-0.25;-0.33
24.01.2020;-0.14;-0.21;-0.28
23.01.2020;-0.13;-0.2;-0.28
22.01.2020;-0.11;-0.18;-0.25
21.01.2020;-0.1;-0.17;-0.25
20.01.2020;-0.06;-0.14;-0.21
17.01.2020;-0.06;-0.14;-0.21
16.01.2020;-0.06;-0.13;-0.2
15.01.2020;-0.03;-0.11;-0.18
14.01.2020;0;-0.08;-0.15
13.01.2020;0;-0.07;-0.14
10.01.2020;-0.01;-0.08;-0.15
09.01.2020;-0.01;-0.08;-0.15
08.01.2020;-0.03;-0.11;-0.19
07.01.2020;-0.04;-0.12;-0.19
06.01.2020;-0.03;-0.11;-0.19
03.01.2020;-0.01;-0.09;-0.17
30.12.2019;0.04;-0.04;-0.12
27.12.2019;0.02;-0.06;-0.14
23.12.2019;0.02;-0.06;-0.14
20.12.2019;0.01;-0.07;-0.15
19.12.2019;0.01;-0.07;-0.15
18.12.2019;-0.02;-0.09;-0.18
17.12.2019;-0.03;-0.11;-0.19
16.12.2019;-0.03;-0.12;-0.2
13.12.2019;-0.02;-0.11;-0.19
12.12.2019;-0.02;-0.1;-0.19
11.12.2019;-0.04;-0.13;-0.21
10.12.2019;-0.04;-0.12;-0.2
09.12.2019;-0.05;-0.13;-0.22
06.12.2019;-0.03;-0.12;-0.2
05.12.2019;-0.04;-0.13;-0.21
04.12.2019;-0.07;-0.16;-0.25
03.12.2019;-0.07;-0.16;-0.24
02.12.2019;-0.04;-0.13;-0.21
29.11.2019;-0.07;-0.16;-0.24
28.11.2019;-0.08;-0.17;-0.25
27.11.2019;-0.07;-0.16;-0.24
26.11.2019;-0.06;-0.15;-0.23
25.11.2019;-0.04;-0.13;-0.21
22.11.2019;-0.03;-0.12;-0.2
21.11.2019;-0.02;-0.1;-0.18
20.11.2019;-0.04;-0.13;-0.21
19.11.2019;-0.02;-0.11;-0.19
18.11.2019;-0.01;-0.1;-0.18
15.11.2019;0.01;-0.08;-0.16
14.11.2019;0.01;-0.08;-0.16
13.11.2019;0.04;-0.05;-0.13
12.11.2019;0.08;-0.01;-0.09
11.11.2019;0.08;-0.01;-0.09
08.11.2019;0.08;0;-0.08
07.11.2019;0.08;-0.01;-0.09
06.11.2019;0.05;-0.04;-0.12
05.11.2019;0.06;-0.04;-0.12
04.11.2019;0.03;-0.06;-0.15
01.11.2019;0.02;-0.08;-0.17
31.10.2019;0;-0.1;-0.18
30.10.2019;0.03;-0.06;-0.14
29.10.2019;0.03;-0.06;-0.14
28.10.2019;0.03;-0.06;-0.14
25.10.2019;0;-0.1;-0.18
24.10.2019;-0.02;-0.11;-0.19
23.10.2019;-0.02;-0.11;-0.19
22.10.2019;0;-0.09;-0.17
21.10.2019;0.01;-0.08;-0.17
18.10.2019;-0.02;-0.11;-0.19
17.10.2019;-0.02;-0.11;-0.19
16.10.2019;-0.01;-0.11;-0.19
15.10.2019;-0.03;-0.13;-0.22
14.10.2019;-0.07;-0.17;-0.26
11.10.2019;-0.06;-0.16;-0.24
10.10.2019;-0.11;-0.21;-0.29
09.10.2019;-0.15;-0.26;-0.34
08.10.2019;-0.17;-0.28;-0.36
07.10.2019;-0.18;-0.28;-0.37
04.10.2019;-0.19;-0.29;-0.38
03.10.2019;-0.17;-0.27;-0.36
02.10.2019;-0.14;-0.24;-0.33
01.10.2019;-0.14;-0.24;-0.33
30.09.2019;-0.17;-0.28;-0.34
27.09.2019;-0.18;-0.28;-0.34
26.09.2019;-0.18;-0.29;-0.35
25.09.2019;-0.19;-0.3;-0.37
24.09.2019;-0.2;-0.31;-0.38
23.09.2019;-0.21;-0.32;-0.38
20.09.2019;-0.16;-0.26;-0.32
19.09.2019;-0.15;-0.25;-0.3
18.09.2019;-0.18;-0.28;-0.34
17.09.2019;-0.15;-0.26;-0.31
16.09.2019;-0.13;-0.23;-0.28
13.09.2019;-0.1;-0.2;-0.25
12.09.2019;-0.18;-0.28;-0.33
11.09.2019;-0.23;-0.34;-0.38
10.09.2019;-0.27;-0.37;-0.42
09.09.2019;-0.28;-0.38;-0.43
06.09.2019;-0.31;-0.41;-0.46
05.09.2019;-0.29;-0.4;-0.45
04.09.2019;-0.34;-0.45;-0.5
03.09.2019;-0.38;-0.49;-0.54
02.09.2019;-0.38;-0.48;-0.54
30.08.2019;-0.39;-0.5;-0.56
29.08.2019;-0.39;-0.49;-0.55
28.08.2019;-0.41;-0.52;-0.57
27.08.2019;-0.37;-0.48;-0.53
26.08.2019;-0.34;-0.45;-0.5
23.08.2019;-0.32;-0.42;-0.48
22.08.2019;-0.31;-0.42;-0.47
21.08.2019;-0.35;-0.46;-0.51
20.08.2019;-0.4;-0.51;-0.56
19.08.2019;-0.38;-0.49;-0.54
16.08.2019;-0.42;-0.53;-0.58
15.08.2019;-0.43;-0.54;-0.6
14.08.2019;-0.38;-0.49;-0.54
13.08.2019;-0.33;-0.44;-0.48
12.08.2019;-0.32;-0.42;-0.46
09.08.2019;-0.3;-0.4;-0.44
08.08.2019;-0.29;-0.39;-0.44
07.08.2019;-0.32;-0.43;-0.47
06.08.2019;-0.27;-0.37;-0.41
05.08.2019;-0.27;-0.37;-0.41
02.08.2019;-0.24;-0.34;-0.38
31.07.2019;-0.19;-0.29;-0.32
30.07.2019;-0.19;-0.28;-0.32
29.07.2019;-0.17;-0.26;-0.3
26.07.2019;-0.15;-0.25;-0.29
25.07.2019;-0.13;-0.23;-0.27
24.07.2019;-0.15;-0.24;-0.29
23.07.2019;-0.12;-0.22;-0.26
22.07.2019;-0.11;-0.21;-0.25
19.07.2019;-0.1;-0.2;-0.24
18.07.2019;-0.09;-0.18;-0.23
17.07.2019;-0.06;-0.16;-0.21
16.07.2019;-0.03;-0.13;-0.18
15.07.2019;-0.02;-0.12;-0.16
12.07.2019;0.01;-0.09;-0.14
11.07.2019;0.01;-0.09;-0.14
10.07.2019;-0.01;-0.11;-0.17
09.07.2019;-0.05;-0.15;-0.21
08.07.2019;-0.08;-0.18;-0.24
05.07.2019;-0.05;-0.16;-0.22
04.07.2019;-0.08;-0.19;-0.25
03.07.2019;-0.08;-0.19;-0.25
02.07.2019;-0.04;-0.15;-0.21
01.07.2019;-0.02;-0.14;-0.19
28.06.2019;0;-0.14;-0.2
27.06.2019;0.01;-0.13;-0.19
26.06.2019;0.02;-0.12;-0.18
25.06.2019;0.01;-0.13;-0.19
24.06.2019;0.03;-0.12;-0.18
21.06.2019;0.04;-0.1;-0.16
20.06.2019;0.01;-0.14;-0.2
19.06.2019;0.05;-0.11;-0.17
18.06.2019;0.03;-0.13;-0.2
17.06.2019;0.08;-0.08;-0.15
14.06.2019;0.07;-0.08;-0.16
13.06.2019;0.09;-0.07;-0.14
12.06.2019;0.09;-0.07;-0.14
11.06.2019;0.07;-0.09;-0.16
07.06.2019;0.05;-0.11;-0.17
06.06.2019;0.05;-0.1;-0.16
05.06.2019;0.04;-0.11;-0.17
04.06.2019;0.05;-0.1;-0.16
03.06.2019;0.05;-0.1;-0.15
31.05.2019;0.05;-0.1;-0.14
29.05.2019;0.07;-0.08;-0.13
28.05.2019;0.06;-0.08;-0.13
27.05.2019;0.06;-0.08;-0.12
24.05.2019;0.08;-0.07;-0.11
23.05.2019;0.08;-0.06;-0.1
22.05.2019;0.08;-0.05;-0.09
21.05.2019;0.1;-0.04;-0.08
20.05.2019;0.1;-0.04;-0.08
17.05.2019;0.09;-0.05;-0.09
16.05.2019;0.09;-0.05;-0.09
15.05.2019;0.09;-0.05;-0.09
14.05.2019;0.1;-0.04;-0.07
13.05.2019;0.12;-0.03;-0.06
10.05.2019;0.12;-0.02;-0.05
09.05.2019;0.12;-0.02;-0.05
08.05.2019;0.13;-0.01;-0.04
07.05.2019;0.14;0;-0.04
06.05.2019;0.16;0.02;-0.02
03.05.2019;0.17;0.03;0
02.05.2019;0.17;0.03;-0.01
30.04.2019;0.17;0.03;-0.01
29.04.2019;0.16;0.02;-0.02
26.04.2019;0.16;0.01;-0.03
25.04.2019;0.17;0.02;-0.02
24.04.2019;0.16;0.01;-0.03
23.04.2019;0.19;0.04;0
18.04.2019;0.2;0.04;0
17.04.2019;0.23;0.07;0.03
16.04.2019;0.22;0.06;0.01
15.04.2019;0.22;0.06;0.02
12.04.2019;0.22;0.05;0
11.04.2019;0.18;0.02;-0.03
10.04.2019;0.18;0.02;-0.04
09.04.2019;0.19;0.03;-0.02
08.04.2019;0.2;0.04;-0.01
05.04.2019;0.2;0.04;-0.01
04.04.2019;0.19;0.03;-0.02
03.04.2019;0.2;0.04;-0.02
02.04.2019;0.17;0.01;-0.05
01.04.2019;0.19;0.02;-0.03
29.03.2019;0.16;0;-0.05
28.03.2019;0.15;-0.01;-0.06
27.03.2019;0.15;-0.02;-0.07
26.03.2019;0.18;0.02;-0.03
25.03.2019;0.18;0.02;-0.03
22.03.2019;0.19;0.03;-0.02
21.03.2019;0.21;0.06;0.01
20.03.2019;0.24;0.09;0.05
19.03.2019;0.26;0.1;0.06
18.03.2019;0.26;0.1;0.06
15.03.2019;0.27;0.11;0.07
14.03.2019;0.27;0.11;0.07
13.03.2019;0.26;0.1;0.06
12.03.2019;0.26;0.1;0.06
11.03.2019;0.26;0.1;0.06
08.03.2019;0.26;0.1;0.05
07.03.2019;0.27;0.11;0.07
06.03.2019;0.31;0.15;0.12
05.03.2019;0.33;0.18;0.14
04.03.2019;0.33;0.18;0.14
01.03.2019;0.33;0.18;0.14
28.02.2019;0.32;0.16;0.13
27.02.2019;0.31;0.15;0.11
26.02.2019;0.29;0.13;0.09
25.02.2019;0.29;0.13;0.1
22.02.2019;0.29;0.13;0.1
21.02.2019;0.29;0.13;0.1
20.02.2019;0.29;0.13;0.1
19.02.2019;0.3;0.14;0.1
18.02.2019;0.3;0.14;0.1
15.02.2019;0.3;0.14;0.1
14.02.2019;0.3;0.14;0.11
13.02.2019;0.33;0.16;0.13
12.02.2019;0.33;0.16;0.12
11.02.2019;0.31;0.14;0.1
08.02.2019;0.3;0.13;0.09
07.02.2019;0.33;0.16;0.12
06.02.2019;0.36;0.19;0.15
05.02.2019;0.38;0.2;0.16
04.02.2019;0.38;0.2;0.16
01.02.2019;0.37;0.19;0.15
31.01.2019;0.38;0.19;0.15
30.01.2019;0.41;0.22;0.17
29.01.2019;0.42;0.23;0.19
28.01.2019;0.42;0.24;0.19
25.01.2019;0.43;0.24;0.19
24.01.2019;0.41;0.23;0.19
23.01.2019;0.43;0.24;0.2
22.01.2019;0.44;0.25;0.21
21.01.2019;0.45;0.26;0.22
18.01.2019;0.46;0.27;0.23
17.01.2019;0.45;0.26;0.22
16.01.2019;0.45;0.25;0.21
15.01.2019;0.44;0.24;0.21
14.01.2019;0.45;0.25;0.21
11.01.2019;0.45;0.25;0.21
10.01.2019;0.45;0.25;0.21
09.01.2019;0.46;0.26;0.22
08.01.2019;0.46;0.26;0.22
07.01.2019;0.44;0.24;0.19
04.01.2019;0.43;0.23;0.18
03.01.2019;0.41;0.2;0.16
28.12.2018;0.46;0.25;0.21
27.12.2018;0.45;0.25;0.21
21.12.2018;0.47;0.26;0.22
20.12.2018;0.47;0.27;0.22
19.12.2018;0.49;0.29;0.25
18.12.2018;0.5;0.3;0.26
17.12.2018;0.52;0.31;0.27
14.12.2018;0.52;0.32;0.27
13.12.2018;0.54;0.33;0.29
12.12.2018;0.54;0.33;0.28
11.12.2018;0.54;0.33;0.28
10.12.2018;0.55;0.33;0.28
07.12.2018;0.55;0.33;0.29
06.12.2018;0.54;0.32;0.27
05.12.2018;0.55;0.33;0.29
04.12.2018;0.54;0.33;0.28
03.12.2018;0.56;0.34;0.3
30.11.2018;0.56;0.34;0.29
29.11.2018;0.57;0.35;0.3
28.11.2018;0.58;0.36;0.31
27.11.2018;0.57;0.35;0.3
26.11.2018;0.58;0.36;0.31
23.11.2018;0.57;0.35;0.31
22.11.2018;0.57;0.36;0.32
21.11.2018;0.58;0.37;0.33
20.11.2018;0.58;0.37;0.33
19.11.2018;0.57;0.37;0.34
16.11.2018;0.56;0.37;0.34
15.11.2018;0.54;0.36;0.34
14.11.2018;0.55;0.37;0.35
13.11.2018;0.55;0.37;0.35
12.11.2018;0.54;0.37;0.34
09.11.2018;0.54;0.37;0.35
08.11.2018;0.55;0.39;0.37
07.11.2018;0.54;0.38;0.36
06.11.2018;0.53;0.37;0.35
05.11.2018;0.53;0.37;0.34
02.11.2018;0.55;0.38;0.36
01.11.2018;0.53;0.37;0.35
31.10.2018;0.51;0.35;0.33
30.10.2018;0.5;0.34;0.32
29.10.2018;0.5;0.34;0.32
26.10.2018;0.49;0.33;0.31
25.10.2018;0.51;0.35;0.33
24.10.2018;0.5;0.35;0.33
23.10.2018;0.51;0.35;0.34
22.10.2018;0.53;0.38;0.36
19.10.2018;0.51;0.36;0.34
18.10.2018;0.52;0.37;0.35
17.10.2018;0.53;0.38;0.37
16.10.2018;0.55;0.41;0.39
15.10.2018;0.56;0.41;0.39
12.10.2018;0.57;0.42;0.41
11.10.2018;0.57;0.43;0.41
10.10.2018;0.58;0.44;0.42
09.10.2018;0.57;0.42;0.4
08.10.2018;0.56;0.41;0.39
05.10.2018;0.56;0.42;0.4
04.10.2018;0.55;0.4;0.38
03.10.2018;0.52;0.37;0.35
02.10.2018;0.5;0.36;0.34
01.10.2018;0.53;0.38;0.36
28.09.2018;0.52;0.38;0.36
27.09.2018;0.53;0.39;0.37
26.09.2018;0.53;0.39;0.37
25.09.2018;0.53;0.39;0.37
24.09.2018;0.5;0.36;0.34
21.09.2018;0.49;0.34;0.32
20.09.2018;0.5;0.35;0.33
19.09.2018;0.5;0.35;0.33
18.09.2018;0.49;0.34;0.32
17.09.2018;0.48;0.33;0.31
14.09.2018;0.47;0.32;0.29
13.09.2018;0.46;0.31;0.29
12.09.2018;0.46;0.31;0.29
11.09.2018;0.47;0.32;0.29
10.09.2018;0.46;0.3;0.28
07.09.2018;0.45;0.29;0.26
06.09.2018;0.45;0.29;0.26
05.09.2018;0.45;0.29;0.26
04.09.2018;0.44;0.28;0.25
03.09.2018;0.43;0.27;0.25
31.08.2018;0.43;0.28;0.25
30.08.2018;0.44;0.3;0.27
29.08.2018;0.45;0.31;0.28
28.08.2018;0.45;0.3;0.28
27.08.2018;0.44;0.3;0.27
24.08.2018;0.44;0.29;0.26
23.08.2018;0.43;0.29;0.26
22.08.2018;0.43;0.28;0.25
21.08.2018;0.42;0.28;0.24
20.08.2018;0.42;0.27;0.24
17.08.2018;0.43;0.29;0.25
16.08.2018;0.44;0.29;0.26
15.08.2018;0.44;0.29;0.25
14.08.2018;0.45;0.3;0.27
13.08.2018;0.46;0.31;0.27
10.08.2018;0.45;0.3;0.27
09.08.2018;0.46;0.32;0.29
08.08.2018;0.47;0.33;0.3
07.08.2018;0.47;0.34;0.31
06.08.2018;0.48;0.34;0.31
03.08.2018;0.49;0.35;0.32
02.08.2018;0.51;0.38;0.35
31.07.2018;0.5;0.36;0.32
30.07.2018;0.51;0.37;0.33
27.07.2018;0.49;0.34;0.3
26.07.2018;0.48;0.34;0.3
25.07.2018;0.48;0.33;0.29
24.07.2018;0.49;0.34;0.3
23.07.2018;0.49;0.35;0.3
20.07.2018;0.49;0.35;0.3
19.07.2018;0.48;0.33;0.29
18.07.2018;0.49;0.34;0.29
17.07.2018;0.49;0.35;0.3
16.07.2018;0.49;0.34;0.29
13.07.2018;0.48;0.32;0.27
12.07.2018;0.48;0.33;0.28
11.07.2018;0.49;0.33;0.28
10.07.2018;0.48;0.33;0.28
09.07.2018;0.47;0.32;0.27
06.07.2018;0.46;0.31;0.25
05.07.2018;0.46;0.3;0.25
04.07.2018;0.43;0.28;0.23
03.07.2018;0.44;0.28;0.24
02.07.2018;0.43;0.28;0.24
29.06.2018;0.43;0.29;0.25
28.06.2018;0.43;0.29;0.25
27.06.2018;0.43;0.29;0.25
26.06.2018;0.43;0.29;0.26
25.06.2018;0.41;0.27;0.24
22.06.2018;0.41;0.27;0.24
21.06.2018;0.41;0.27;0.24
20.06.2018;0.41;0.27;0.24
19.06.2018;0.4;0.27;0.23
18.06.2018;0.41;0.28;0.24
15.06.2018;0.41;0.28;0.25
14.06.2018;0.45;0.32;0.29
13.06.2018;0.48;0.35;0.32
12.06.2018;0.49;0.36;0.33
11.06.2018;0.49;0.36;0.33
08.06.2018;0.48;0.35;0.31
07.06.2018;0.5;0.37;0.33
06.06.2018;0.48;0.34;0.31
05.06.2018;0.42;0.28;0.25
04.06.2018;0.42;0.29;0.26
01.06.2018;0.41;0.27;0.24
31.05.2018;0.37;0.24;0.21
30.05.2018;0.38;0.25;0.21
29.05.2018;0.35;0.22;0.19
28.05.2018;0.38;0.25;0.23
25.05.2018;0.4;0.28;0.25
24.05.2018;0.43;0.31;0.29
23.05.2018;0.43;0.32;0.29
22.05.2018;0.45;0.34;0.32
18.05.2018;0.47;0.36;0.34
17.05.2018;0.49;0.38;0.36
16.05.2018;0.47;0.36;0.33
15.05.2018;0.48;0.37;0.34
14.05.2018;0.46;0.35;0.33
11.05.2018;0.43;0.32;0.3
09.05.2018;0.43;0.32;0.3
08.05.2018;0.42;0.31;0.28
07.05.2018;0.4;0.29;0.27
04.05.2018;0.41;0.3;0.28
03.05.2018;0.41;0.3;0.29
02.05.2018;0.44;0.33;0.31
30.04.2018;0.44;0.34;0.31
27.04.2018;0.45;0.34;0.31
26.04.2018;0.47;0.36;0.33
25.04.2018;0.49;0.39;0.36
24.04.2018;0.48;0.38;0.35
23.04.2018;0.48;0.37;0.34
20.04.2018;0.47;0.36;0.33
19.04.2018;0.45;0.35;0.31
18.04.2018;0.41;0.29;0.26
17.04.2018;0.39;0.27;0.24
16.04.2018;0.39;0.27;0.24
13.04.2018;0.38;0.26;0.23
12.04.2018;0.38;0.25;0.22
11.04.2018;0.37;0.24;0.21
10.04.2018;0.37;0.24;0.21
09.04.2018;0.35;0.23;0.21
06.04.2018;0.33;0.24;0.21
05.04.2018;0.34;0.24;0.22
04.04.2018;0.32;0.22;0.19
03.04.2018;0.33;0.24;0.21
29.03.2018;0.32;0.24;0.21
28.03.2018;0.32;0.25;0.22
27.03.2018;0.33;0.25;0.23
26.03.2018;0.33;0.26;0.24
23.03.2018;0.33;0.26;0.24
22.03.2018;0.32;0.25;0.23
21.03.2018;0.33;0.26;0.24
20.03.2018;0.32;0.26;0.24
19.03.2018;0.31;0.25;0.24
16.03.2018;0.32;0.25;0.24
15.03.2018;0.32;0.26;0.25
14.03.2018;0.32;0.26;0.25
13.03.2018;0.33;0.27;0.26
12.03.2018;0.33;0.27;0.26
09.03.2018;0.34;0.27;0.26
08.03.2018;0.33;0.27;0.26
07.03.2018;0.33;0.27;0.26
06.03.2018;0.33;0.27;0.26
05.03.2018;0.31;0.24;0.23
02.03.2018;0.31;0.25;0.24
01.03.2018;0.32;0.26;0.25
28.02.2018;0.31;0.26;0.25
27.02.2018;0.32;0.27;0.25
26.02.2018;0.32;0.27;0.25
23.02.2018;0.33;0.27;0.26
22.02.2018;0.36;0.3;0.29
21.02.2018;0.36;0.31;0.3
20.02.2018;0.37;0.31;0.3
19.02.2018;0.37;0.31;0.3
16.02.2018;0.37;0.31;0.3
15.02.2018;0.39;0.34;0.33
14.02.2018;0.38;0.32;0.31
13.02.2018;0.37;0.32;0.3
12.02.2018;0.37;0.32;0.3
09.02.2018;0.37;0.31;0.3
08.02.2018;0.38;0.33;0.31
07.02.2018;0.35;0.3;0.29
06.02.2018;0.33;0.28;0.26
05.02.2018;0.36;0.31;0.29
02.02.2018;0.36;0.31;0.3
01.02.2018;0.34;0.29;0.27
31.01.2018;0.32;0.26;0.25
30.01.2018;0.33;0.28;0.26
29.01.2018;0.34;0.29;0.27
26.01.2018;0.3;0.25;0.23
25.01.2018;0.31;0.26;0.24
24.01.2018;0.29;0.24;0.23
23.01.2018;0.28;0.22;0.21
22.01.2018;0.27;0.22;0.2
19.01.2018;0.26;0.21;0.19
18.01.2018;0.26;0.2;0.18
17.01.2018;0.25;0.19;0.17
16.01.2018;0.27;0.21;0.19
15.01.2018;0.28;0.22;0.2
12.01.2018;0.28;0.22;0.2
11.01.2018;0.26;0.2;0.18
10.01.2018;0.23;0.17;0.15
09.01.2018;0.21;0.15;0.12
08.01.2018;0.21;0.14;0.12
05.01.2018;0.21;0.15;0.12
04.01.2018;0.2;0.14;0.11
03.01.2018;0.21;0.14;0.11
29.12.2017;0.21;0.15;0.12
28.12.2017;0.21;0.15;0.12
27.12.2017;0.22;0.15;0.12
22.12.2017;0.22;0.15;0.13
21.12.2017;0.22;0.15;0.12
20.12.2017;0.21;0.14;0.12
19.12.2017;0.19;0.12;0.09
18.12.2017;0.17;0.1;0.07
15.12.2017;0.16;0.1;0.07
14.12.2017;0.18;0.11;0.08
13.12.2017;0.18;0.11;0.09
12.12.2017;0.18;0.11;0.08
11.12.2017;0.17;0.1;0.07
08.12.2017;0.18;0.11;0.09
07.12.2017;0.17;0.1;0.08
06.12.2017;0.17;0.1;0.08
05.12.2017;0.19;0.12;0.1
04.12.2017;0.2;0.13;0.11
01.12.2017;0.21;0.15;0.12
30.11.2017;0.24;0.15;0.11
29.11.2017;0.24;0.15;0.11
28.11.2017;0.22;0.13;0.09
27.11.2017;0.22;0.12;0.09
24.11.2017;0.22;0.12;0.09
23.11.2017;0.21;0.12;0.08
22.11.2017;0.21;0.12;0.08
21.11.2017;0.21;0.11;0.08
20.11.2017;0.21;0.12;0.08
17.11.2017;0.22;0.12;0.09
16.11.2017;0.22;0.12;0.09
15.11.2017;0.22;0.12;0.09
14.11.2017;0.23;0.13;0.1
13.11.2017;0.24;0.13;0.1
10.11.2017;0.24;0.14;0.11
09.11.2017;0.22;0.13;0.09
08.11.2017;0.19;0.09;0.06
07.11.2017;0.2;0.11;0.07
06.11.2017;0.2;0.11;0.08
03.11.2017;0.22;0.13;0.1
02.11.2017;0.23;0.14;0.1
01.11.2017;0.22;0.14;0.1
31.10.2017;0.21;0.12;0.08
30.10.2017;0.22;0.13;0.09
27.10.2017;0.24;0.15;0.11
26.10.2017;0.26;0.17;0.13
25.10.2017;0.27;0.18;0.14
24.10.2017;0.27;0.18;0.13
23.10.2017;0.25;0.16;0.12
20.10.2017;0.26;0.17;0.13
19.10.2017;0.23;0.14;0.09
18.10.2017;0.23;0.14;0.09
17.10.2017;0.22;0.13;0.08
16.10.2017;0.23;0.14;0.09
13.10.2017;0.25;0.15;0.11
12.10.2017;0.26;0.17;0.12
11.10.2017;0.27;0.17;0.13
10.10.2017;0.25;0.16;0.11
09.10.2017;0.25;0.16;0.11
06.10.2017;0.28;0.18;0.13
05.10.2017;0.27;0.18;0.13
04.10.2017;0.27;0.18;0.13
03.10.2017;0.28;0.19;0.14
02.10.2017;0.27;0.18;0.13
29.09.2017;0.26;0.18;0.13
28.09.2017;0.27;0.18;0.14
27.09.2017;0.27;0.19;0.14
26.09.2017;0.24;0.15;0.1
25.09.2017;0.24;0.15;0.1
22.09.2017;0.26;0.17;0.13
21.09.2017;0.26;0.17;0.13
20.09.2017;0.25;0.16;0.12
19.09.2017;0.26;0.17;0.12
18.09.2017;0.26;0.17;0.12
15.09.2017;0.25;0.16;0.11
14.09.2017;0.22;0.13;0.08
13.09.2017;0.22;0.13;0.08
12.09.2017;0.19;0.1;0.05
11.09.2017;0.18;0.09;0.04
08.09.2017;0.17;0.08;0.03
07.09.2017;0.17;0.09;0.04
06.09.2017;0.18;0.09;0.04
05.09.2017;0.18;0.09;0.05
04.09.2017;0.19;0.1;0.05
01.09.2017;0.2;0.11;0.06
31.08.2017;0.19;0.1;0.04
30.08.2017;0.19;0.1;0.04
29.08.2017;0.18;0.09;0.03
28.08.2017;0.19;0.1;0.05
25.08.2017;0.19;0.1;0.05
24.08.2017;0.18;0.09;0.04
23.08.2017;0.19;0.1;0.04
22.08.2017;0.2;0.11;0.05
21.08.2017;0.2;0.11;0.06
18.08.2017;0.21;0.12;0.07
17.08.2017;0.23;0.14;0.09
16.08.2017;0.24;0.15;0.1
15.08.2017;0.22;0.14;0.09
14.08.2017;0.19;0.1;0.05
11.08.2017;0.17;0.08;0.03
10.08.2017;0.18;0.09;0.04
09.08.2017;0.2;0.11;0.06
08.08.2017;0.23;0.14;0.09
07.08.2017;0.23;0.14;0.09
04.08.2017;0.23;0.15;0.1
03.08.2017;0.24;0.16;0.11
02.08.2017;0.26;0.19;0.13
31.07.2017;0.28;0.2;0.14
28.07.2017;0.29;0.21;0.15
27.07.2017;0.26;0.19;0.13
26.07.2017;0.27;0.19;0.13
25.07.2017;0.27;0.2;0.14
24.07.2017;0.26;0.18;0.11
21.07.2017;0.26;0.18;0.12
20.07.2017;0.28;0.2;0.13
19.07.2017;0.27;0.19;0.13
18.07.2017;0.28;0.2;0.13
17.07.2017;0.29;0.2;0.14
14.07.2017;0.29;0.21;0.15
13.07.2017;0.29;0.21;0.14
12.07.2017;0.29;0.2;0.13
11.07.2017;0.29;0.2;0.14
10.07.2017;0.29;0.2;0.13
07.07.2017;0.3;0.22;0.15
06.07.2017;0.3;0.22;0.15
05.07.2017;0.27;0.18;0.12
04.07.2017;0.27;0.18;0.11
03.07.2017;0.27;0.18;0.12
30.06.2017;0.27;0.18;0.11
29.06.2017;0.24;0.15;0.08
28.06.2017;0.21;0.13;0.06
27.06.2017;0.19;0.1;0.03
26.06.2017;0.17;0.08;0.01
23.06.2017;0.17;0.08;0.02
22.06.2017;0.17;0.08;0.01
21.06.2017;0.17;0.08;0.01
20.06.2017;0.16;0.08;0.01
19.06.2017;0.17;0.08;0.01
16.06.2017;0.17;0.08;0.01
15.06.2017;0.16;0.07;0
14.06.2017;0.14;0.05;-0.02
13.06.2017;0.14;0.05;-0.02
12.06.2017;0.14;0.05;-0.02
09.06.2017;0.15;0.06;-0.01
08.06.2017;0.15;0.06;-0.01
07.06.2017;0.16;0.07;0
06.06.2017;0.16;0.07;0
02.06.2017;0.16;0.07;0
01.06.2017;0.17;0.08;0.01
31.05.2017;0.16;0.07;0
30.05.2017;0.16;0.08;0.01
29.05.2017;0.18;0.09;0.02
26.05.2017;0.18;0.1;0.03
24.05.2017;0.19;0.11;0.04
23.05.2017;0.19;0.1;0.03
22.05.2017;0.19;0.1;0.03
19.05.2017;0.18;0.1;0.02
18.05.2017;0.18;0.09;0.02
17.05.2017;0.18;0.1;0.03
16.05.2017;0.21;0.12;0.05
15.05.2017;0.2;0.12;0.05
12.05.2017;0.21;0.13;0.05
11.05.2017;0.22;0.14;0.06
10.05.2017;0.22;0.14;0.07
09.05.2017;0.23;0.15;0.07
08.05.2017;0.23;0.15;0.07
05.05.2017;0.23;0.15;0.07
04.05.2017;0.22;0.14;0.06
03.05.2017;0.2;0.11;0.03
02.05.2017;0.2;0.11;0.04
28.04.2017;0.2;0.11;0.03
27.04.2017;0.21;0.12;0.04
26.04.2017;0.23;0.14;0.05
25.04.2017;0.22;0.13;0.05
24.04.2017;0.21;0.11;0.03
21.04.2017;0.14;0.05;-0.03
20.04.2017;0.15;0.06;-0.02
19.04.2017;0.13;0.04;-0.04
18.04.2017;0.13;0.04;-0.04
13.04.2017;0.15;0.05;-0.02
12.04.2017;0.15;0.06;-0.03
11.04.2017;0.15;0.06;-0.03
10.04.2017;0.15;0.05;-0.03
07.04.2017;0.17;0.07;-0.01
06.04.2017;0.18;0.09;0
05.04.2017;0.19;0.09;0.01
04.04.2017;0.19;0.1;0.02
03.04.2017;0.21;0.11;0.03
31.03.2017;0.22;0.13;0.04
30.03.2017;0.22;0.13;0.04
29.03.2017;0.22;0.13;0.05
28.03.2017;0.24;0.15;0.07
27.03.2017;0.26;0.17;0.08
24.03.2017;0.27;0.18;0.1
23.03.2017;0.27;0.18;0.1
22.03.2017;0.27;0.18;0.1
21.03.2017;0.28;0.2;0.12
20.03.2017;0.26;0.17;0.09
17.03.2017;0.27;0.18;0.12
16.03.2017;0.25;0.16;0.08
15.03.2017;0.23;0.14;0.06
14.03.2017;0.26;0.17;0.09
13.03.2017;0.27;0.18;0.1
10.03.2017;0.26;0.18;0.09
09.03.2017;0.22;0.13;0.05
08.03.2017;0.18;0.1;0.02
07.03.2017;0.17;0.09;0
06.03.2017;0.17;0.09;0
03.03.2017;0.17;0.08;0
02.03.2017;0.14;0.05;-0.03
01.03.2017;0.12;0.03;-0.05
28.02.2017;0.1;0;-0.08
27.02.2017;0.11;0.02;-0.07
24.02.2017;0.11;0.02;-0.06
23.02.2017;0.13;0.04;-0.05
22.02.2017;0.15;0.05;-0.03
21.02.2017;0.16;0.07;-0.02
20.02.2017;0.15;0.06;-0.02
17.02.2017;0.15;0.06;-0.02
16.02.2017;0.17;0.08;0
15.02.2017;0.18;0.09;0.01
14.02.2017;0.19;0.09;0.01
13.02.2017;0.16;0.07;-0.01
10.02.2017;0.17;0.07;-0.01
09.02.2017;0.16;0.06;-0.02
08.02.2017;0.16;0.06;-0.02
07.02.2017;0.18;0.09;0
06.02.2017;0.19;0.09;0
03.02.2017;0.21;0.11;0.02
02.02.2017;0.22;0.12;0.04
01.02.2017;0.23;0.13;0.04
31.01.2017;0.21;0.12;0.02
30.01.2017;0.21;0.12;0.02
27.01.2017;0.23;0.13;0.04
26.01.2017;0.23;0.14;0.04
25.01.2017;0.24;0.14;0.05
24.01.2017;0.21;0.12;0.03
23.01.2017;0.21;0.12;0.02
20.01.2017;0.24;0.14;0.05
19.01.2017;0.23;0.13;0.04
18.01.2017;0.19;0.09;0
17.01.2017;0.18;0.08;-0.02
16.01.2017;0.17;0.07;-0.02
13.01.2017;0.18;0.08;-0.01
12.01.2017;0.17;0.08;-0.02
11.01.2017;0.18;0.09;-0.01
10.01.2017;0.18;0.09;-0.01
09.01.2017;0.19;0.1;0
06.01.2017;0.2;0.11;0.01
05.01.2017;0.2;0.11;0.01
04.01.2017;0.21;0.12;0.02
03.01.2017;0.22;0.12;0.03
30.12.2016;0.23;0.13;0.04
29.12.2016;0.23;0.14;0.04
28.12.2016;0.24;0.14;0.04
27.12.2016;0.25;0.15;0.05
23.12.2016;0.26;0.16;0.06
22.12.2016;0.26;0.16;0.06
21.12.2016;0.26;0.16;0.06
20.12.2016;0.27;0.17;0.07
19.12.2016;0.27;0.16;0.07
16.12.2016;0.28;0.18;0.08
15.12.2016;0.3;0.19;0.09
14.12.2016;0.28;0.17;0.08
13.12.2016;0.3;0.19;0.09
12.12.2016;0.32;0.21;0.11
09.12.2016;0.31;0.2;0.11
08.12.2016;0.3;0.19;0.1
07.12.2016;0.28;0.17;0.07
06.12.2016;0.29;0.17;0.07
05.12.2016;0.29;0.18;0.07
02.12.2016;0.27;0.16;0.05
01.12.2016;0.28;0.17;0.06
30.11.2016;0.23;0.12;0.02
29.11.2016;0.23;0.12;0.02
28.11.2016;0.22;0.11;0.01
25.11.2016;0.23;0.12;0.02
24.11.2016;0.23;0.12;0.02
23.11.2016;0.25;0.14;0.04
22.11.2016;0.24;0.13;0.03
21.11.2016;0.27;0.16;0.06
18.11.2016;0.29;0.18;0.08
17.11.2016;0.29;0.18;0.08
16.11.2016;0.3;0.19;0.09
15.11.2016;0.3;0.18;0.09
14.11.2016;0.32;0.2;0.1
11.11.2016;0.28;0.17;0.07
10.11.2016;0.26;0.15;0.05
09.11.2016;0.18;0.06;-0.04
08.11.2016;0.15;0.04;-0.05
07.11.2016;0.16;0.05;-0.05
04.11.2016;0.16;0.04;-0.05
03.11.2016;0.17;0.06;-0.04
02.11.2016;0.15;0.04;-0.06
01.11.2016;0.18;0.07;-0.03
31.10.2016;0.14;0.02;-0.07
28.10.2016;0.15;0.04;-0.05
27.10.2016;0.16;0.05;-0.05
26.10.2016;0.11;0;-0.09
25.10.2016;0.11;0;-0.09
24.10.2016;0.09;-0.02;-0.1
21.10.2016;0.09;-0.02;-0.1
20.10.2016;0.09;-0.01;-0.1
19.10.2016;0.09;-0.02;-0.1
18.10.2016;0.09;-0.02;-0.1
17.10.2016;0.11;0;-0.08
14.10.2016;0.1;-0.01;-0.09
13.10.2016;0.08;-0.03;-0.11
12.10.2016;0.09;-0.02;-0.11
11.10.2016;0.08;-0.03;-0.12
10.10.2016;0.07;-0.04;-0.12
07.10.2016;0.06;-0.04;-0.13
06.10.2016;0.06;-0.05;-0.14
05.10.2016;0.06;-0.05;-0.13
04.10.2016;0.02;-0.09;-0.18
03.10.2016;0.01;-0.1;-0.19
30.09.2016;0;-0.11;-0.2
29.09.2016;0.02;-0.09;-0.17
28.09.2016;0;-0.1;-0.19
27.09.2016;0;-0.1;-0.19
26.09.2016;0.02;-0.09;-0.17
23.09.2016;0.03;-0.07;-0.15
22.09.2016;0.04;-0.06;-0.14
21.09.2016;0.07;-0.04;-0.12
20.09.2016;0.07;-0.04;-0.12
19.09.2016;0.07;-0.03;-0.12
16.09.2016;0.08;-0.02;-0.11
15.09.2016;0.1;-0.01;-0.09
14.09.2016;0.08;-0.02;-0.11
13.09.2016;0.07;-0.03;-0.12
12.09.2016;0.07;-0.04;-0.12
09.09.2016;0.04;-0.07;-0.15
08.09.2016;0.01;-0.1;-0.18
07.09.2016;0;-0.1;-0.18
06.09.2016;0.02;-0.09;-0.17
05.09.2016;0.03;-0.08;-0.16
02.09.2016;0.04;-0.07;-0.16
01.09.2016;0.04;-0.07;-0.15
31.08.2016;0.01;-0.1;-0.19
30.08.2016;0.01;-0.1;-0.19
29.08.2016;0.01;-0.09;-0.18
26.08.2016;0.01;-0.1;-0.19
25.08.2016;0.01;-0.1;-0.19
24.08.2016;0.01;-0.1;-0.19
23.08.2016;0.02;-0.09;-0.19
22.08.2016;0.04;-0.08;-0.17
19.08.2016;0.05;-0.07;-0.16
18.08.2016;0.04;-0.08;-0.17
17.08.2016;0.05;-0.07;-0.16
16.08.2016;0.05;-0.07;-0.17
15.08.2016;0.03;-0.09;-0.19
12.08.2016;0.03;-0.09;-0.19
11.08.2016;0.03;-0.09;-0.19
10.08.2016;0.04;-0.09;-0.19
09.08.2016;0.05;-0.08;-0.17
08.08.2016;0.06;-0.07;-0.17
05.08.2016;0.05;-0.07;-0.18
04.08.2016;0.06;-0.07;-0.17
03.08.2016;0.07;-0.06;-0.16
02.08.2016;0.07;-0.06;-0.17
29.07.2016;0.04;-0.09;-0.2
28.07.2016;0.05;-0.08;-0.18
27.07.2016;0.06;-0.06;-0.17
26.07.2016;0.07;-0.06;-0.17
25.07.2016;0.08;-0.05;-0.16
22.07.2016;0.08;-0.05;-0.17
21.07.2016;0.08;-0.05;-0.16
20.07.2016;0.06;-0.08;-0.19
19.07.2016;0.05;-0.09;-0.2
18.07.2016;0.05;-0.09;-0.2
15.07.2016;0.05;-0.09;-0.2
14.07.2016;0.05;-0.09;-0.2
13.07.2016;0.01;-0.13;-0.25
12.07.2016;0.01;-0.13;-0.25
11.07.2016;-0.01;-0.15;-0.27
08.07.2016;0.02;-0.13;-0.25
07.07.2016;0.02;-0.12;-0.24
06.07.2016;0.02;-0.12;-0.24
05.07.2016;0.02;-0.12;-0.24
04.07.2016;0.03;-0.11;-0.22
01.07.2016;0.04;-0.1;-0.22
30.06.2016;0.04;-0.09;-0.21
29.06.2016;0.08;-0.05;-0.17
28.06.2016;0.08;-0.06;-0.18
27.06.2016;0.08;-0.06;-0.18
24.06.2016;0.11;-0.03;-0.14
23.06.2016;0.11;-0.02;-0.13
22.06.2016;0.08;-0.05;-0.16
21.06.2016;0.07;-0.06;-0.18
20.06.2016;0.07;-0.07;-0.18
17.06.2016;0.02;-0.11;-0.22
16.06.2016;-0.01;-0.14;-0.25
15.06.2016;0.01;-0.12;-0.23
14.06.2016;0.02;-0.11;-0.22
13.06.2016;0.03;-0.1;-0.21
10.06.2016;0.05;-0.07;-0.18
09.06.2016;0.07;-0.05;-0.16
08.06.2016;0.08;-0.04;-0.15
07.06.2016;0.09;-0.03;-0.14
06.06.2016;0.11;-0.02;-0.12
03.06.2016;0.12;-0.01;-0.11
02.06.2016;0.15;0.02;-0.09
01.06.2016;0.15;0.01;-0.09
31.05.2016;0.16;0.03;-0.07
30.05.2016;0.17;0.04;-0.07
27.05.2016;0.16;0.03;-0.08
26.05.2016;0.17;0.04;-0.07
25.05.2016;0.18;0.05;-0.06
24.05.2016;0.18;0.04;-0.07
23.05.2016;0.17;0.03;-0.07
20.05.2016;0.17;0.04;-0.07
19.05.2016;0.16;0.02;-0.09
18.05.2016;0.15;0.02;-0.09
17.05.2016;0.14;0.01;-0.1
13.05.2016;0.14;0;-0.11
12.05.2016;0.16;0.02;-0.09
11.05.2016;0.15;0.01;-0.1
10.05.2016;0.15;0.01;-0.1
09.05.2016;0.17;0.03;-0.09
06.05.2016;0.17;0.03;-0.08
04.05.2016;0.19;0.05;-0.06
03.05.2016;0.19;0.05;-0.06
02.05.2016;0.21;0.07;-0.05
29.04.2016;0.2;0.06;-0.05
28.04.2016;0.2;0.05;-0.06
27.04.2016;0.21;0.07;-0.05
26.04.2016;0.21;0.07;-0.05
25.04.2016;0.21;0.07;-0.05
22.04.2016;0.2;0.05;-0.07
21.04.2016;0.19;0.04;-0.07
20.04.2016;0.16;0.01;-0.11
19.04.2016;0.17;0.02;-0.1
18.04.2016;0.16;0.01;-0.11
15.04.2016;0.16;0.01;-0.11
14.04.2016;0.17;0.02;-0.1
13.04.2016;0.18;0.02;-0.1
12.04.2016;0.18;0.02;-0.1
11.04.2016;0.18;0.02;-0.1
08.04.2016;0.19;0.03;-0.09
07.04.2016;0.19;0.03;-0.09
06.04.2016;0.21;0.05;-0.08
05.04.2016;0.21;0.05;-0.08
04.04.2016;0.22;0.06;-0.07
01.04.2016;0.22;0.06;-0.07
31.03.2016;0.22;0.06;-0.06
30.03.2016;0.22;0.06;-0.06
29.03.2016;0.22;0.05;-0.07
24.03.2016;0.23;0.06;-0.06
23.03.2016;0.23;0.07;-0.05
22.03.2016;0.23;0.06;-0.06
21.03.2016;0.24;0.07;-0.05
18.03.2016;0.24;0.07;-0.05
17.03.2016;0.25;0.08;-0.04
16.03.2016;0.27;0.1;-0.01
15.03.2016;0.28;0.11;-0.01
14.03.2016;0.27;0.1;-0.02
11.03.2016;0.28;0.1;-0.02
10.03.2016;0.27;0.09;-0.03
09.03.2016;0.23;0.05;-0.08
08.03.2016;0.19;0.01;-0.13
07.03.2016;0.2;0.02;-0.11
04.03.2016;0.2;0.01;-0.12
03.03.2016;0.19;0;-0.13
02.03.2016;0.19;0;-0.13
01.03.2016;0.18;-0.01;-0.14
29.02.2016;0.17;-0.02;-0.13
26.02.2016;0.19;0;-0.1
25.02.2016;0.19;-0.01;-0.11
24.02.2016;0.2;0;-0.1
23.02.2016;0.21;0.01;-0.09
22.02.2016;0.22;0.03;-0.07
19.02.2016;0.26;0.06;-0.04
18.02.2016;0.27;0.06;-0.03
17.02.2016;0.27;0.07;-0.03
16.02.2016;0.28;0.07;-0.02
15.02.2016;0.29;0.08;0
12.02.2016;0.31;0.1;0.01
11.02.2016;0.29;0.07;-0.02
10.02.2016;0.28;0.08;-0.01
09.02.2016;0.27;0.07;-0.02
08.02.2016;0.26;0.07;-0.01
05.02.2016;0.3;0.12;0.04
04.02.2016;0.3;0.11;0.03
03.02.2016;0.27;0.08;0
02.02.2016;0.28;0.09;0.01
01.02.2016;0.28;0.1;0.02
29.01.2016;0.28;0.09;0.01
28.01.2016;0.31;0.13;0.05
27.01.2016;0.33;0.14;0.06
26.01.2016;0.3;0.1;0.02
25.01.2016;0.3;0.11;0.03
22.01.2016;0.32;0.12;0.05
21.01.2016;0.31;0.12;0.04
20.01.2016;0.33;0.14;0.06
19.01.2016;0.35;0.16;0.08
18.01.2016;0.34;0.16;0.08
15.01.2016;0.34;0.16;0.08
14.01.2016;0.34;0.17;0.09
13.01.2016;0.33;0.16;0.09
12.01.2016;0.36;0.19;0.12
11.01.2016;0.36;0.19;0.11
08.01.2016;0.36;0.2;0.12
07.01.2016;0.38;0.21;0.14
06.01.2016;0.36;0.19;0.12
05.01.2016;0.38;0.22;0.15
04.01.2016;0.4;0.24;0.17
30.12.2015;0.42;0.26;0.2
29.12.2015;0.42;0.26;0.19
28.12.2015;0.41;0.24;0.17
23.12.2015;0.42;0.26;0.19
22.12.2015;0.4;0.23;0.16
21.12.2015;0.38;0.21;0.13
18.12.2015;0.37;0.19;0.12
17.12.2015;0.38;0.21;0.14
16.12.2015;0.39;0.21;0.14
15.12.2015;0.39;0.22;0.15
14.12.2015;0.34;0.16;0.09
11.12.2015;0.32;0.15;0.08
10.12.2015;0.32;0.15;0.09
09.12.2015;0.3;0.13;0.06
08.12.2015;0.27;0.1;0.03
07.12.2015;0.25;0.09;0.02
04.12.2015;0.3;0.15;0.08
03.12.2015;0.28;0.12;0.05
02.12.2015;0.16;0;-0.07
01.12.2015;0.16;0;-0.08
30.11.2015;0.19;0.07;0.03
27.11.2015;0.21;0.09;0.05
26.11.2015;0.22;0.1;0.06
25.11.2015;0.21;0.09;0.05
24.11.2015;0.22;0.11;0.07
23.11.2015;0.22;0.1;0.06
20.11.2015;0.2;0.09;0.05
19.11.2015;0.21;0.1;0.06
18.11.2015;0.2;0.09;0.05
17.11.2015;0.2;0.09;0.05
16.11.2015;0.22;0.1;0.07
13.11.2015;0.22;0.1;0.06
12.11.2015;0.23;0.12;0.07
11.11.2015;0.21;0.1;0.05
10.11.2015;0.2;0.09;0.04
09.11.2015;0.23;0.12;0.08
06.11.2015;0.25;0.14;0.1
05.11.2015;0.25;0.14;0.1
04.11.2015;0.27;0.16;0.12
03.11.2015;0.29;0.17;0.12
02.11.2015;0.3;0.18;0.13
30.10.2015;0.3;0.16;0.11
29.10.2015;0.31;0.17;0.12
28.10.2015;0.28;0.14;0.09
27.10.2015;0.27;0.13;0.08
26.10.2015;0.3;0.16;0.11
23.10.2015;0.32;0.18;0.13
22.10.2015;0.34;0.19;0.14
21.10.2015;0.37;0.22;0.18
20.10.2015;0.39;0.25;0.21
19.10.2015;0.39;0.25;0.2
16.10.2015;0.4;0.25;0.21
15.10.2015;0.41;0.27;0.22
14.10.2015;0.41;0.27;0.22
13.10.2015;0.43;0.29;0.24
12.10.2015;0.43;0.29;0.25
09.10.2015;0.44;0.3;0.25
08.10.2015;0.43;0.28;0.24
07.10.2015;0.43;0.28;0.23
06.10.2015;0.42;0.26;0.21
05.10.2015;0.41;0.25;0.2
02.10.2015;0.44;0.27;0.22
01.10.2015;0.45;0.28;0.24
30.09.2015;0.47;0.3;0.25
29.09.2015;0.49;0.3;0.26
28.09.2015;0.49;0.31;0.26
25.09.2015;0.48;0.34;0.3
24.09.2015;0.44;0.31;0.27
23.09.2015;0.45;0.33;0.29
22.09.2015;0.44;0.31;0.28
21.09.2015;0.45;0.34;0.31
18.09.2015;0.46;0.35;0.32
17.09.2015;0.5;0.39;0.36
16.09.2015;0.49;0.38;0.35
15.09.2015;0.49;0.37;0.35
14.09.2015;0.45;0.34;0.31
11.09.2015;0.44;0.33;0.3
10.09.2015;0.43;0.32;0.3
09.09.2015;0.41;0.31;0.29
08.09.2015;0.4;0.3;0.27
07.09.2015;0.4;0.3;0.27
04.09.2015;0.42;0.31;0.28
03.09.2015;0.43;0.33;0.3
02.09.2015;0.44;0.34;0.31
01.09.2015;0.45;0.35;0.32
31.08.2015;0.41;0.31;0.25
28.08.2015;0.41;0.31;0.25
27.08.2015;0.41;0.31;0.25
26.08.2015;0.4;0.3;0.24
25.08.2015;0.39;0.29;0.24
24.08.2015;0.35;0.25;0.19
21.08.2015;0.33;0.23;0.18
20.08.2015;0.33;0.23;0.19
19.08.2015;0.33;0.24;0.2
18.08.2015;0.33;0.24;0.2
17.08.2015;0.32;0.23;0.19
14.08.2015;0.33;0.24;0.2
13.08.2015;0.33;0.24;0.21
12.08.2015;0.32;0.23;0.2
11.08.2015;0.35;0.26;0.23
10.08.2015;0.36;0.27;0.24
07.08.2015;0.36;0.27;0.25
06.08.2015;0.37;0.28;0.26
05.08.2015;0.38;0.3;0.27
04.08.2015;0.35;0.27;0.24
03.08.2015;0.36;0.28;0.25
31.07.2015;0.37;0.29;0.26
30.07.2015;0.37;0.29;0.26
29.07.2015;0.38;0.3;0.27
28.07.2015;0.36;0.28;0.25
27.07.2015;0.34;0.26;0.23
24.07.2015;0.36;0.29;0.25
23.07.2015;0.38;0.31;0.28
22.07.2015;0.38;0.31;0.28
21.07.2015;0.41;0.33;0.3
20.07.2015;0.4;0.33;0.29
17.07.2015;0.42;0.34;0.31
16.07.2015;0.43;0.35;0.33
15.07.2015;0.42;0.35;0.32
14.07.2015;0.44;0.37;0.34
13.07.2015;0.45;0.38;0.35
10.07.2015;0.44;0.36;0.33
09.07.2015;0.39;0.31;0.28
08.07.2015;0.38;0.3;0.26
07.07.2015;0.37;0.29;0.27
06.07.2015;0.42;0.34;0.32
03.07.2015;0.45;0.37;0.35
02.07.2015;0.46;0.38;0.36
01.07.2015;0.46;0.38;0.36
30.06.2015;0.43;0.36;0.32
29.06.2015;0.43;0.36;0.33
26.06.2015;0.46;0.39;0.36
25.06.2015;0.44;0.37;0.34
24.06.2015;0.43;0.36;0.34
23.06.2015;0.45;0.38;0.36
22.06.2015;0.46;0.39;0.37
19.06.2015;0.43;0.36;0.34
18.06.2015;0.44;0.37;0.35
17.06.2015;0.42;0.35;0.33
16.06.2015;0.4;0.34;0.32
15.06.2015;0.4;0.34;0.32
12.06.2015;0.43;0.37;0.35
11.06.2015;0.45;0.39;0.37
10.06.2015;0.48;0.42;0.4
09.06.2015;0.47;0.41;0.39
08.06.2015;0.46;0.4;0.38
05.06.2015;0.44;0.38;0.36
04.06.2015;0.44;0.38;0.36
03.06.2015;0.41;0.35;0.33
02.06.2015;0.35;0.28;0.26
01.06.2015;0.31;0.25;0.22
29.05.2015;0.35;0.3;0.22
28.05.2015;0.38;0.33;0.26
27.05.2015;0.38;0.33;0.25
26.05.2015;0.39;0.34;0.26
22.05.2015;0.41;0.36;0.28
21.05.2015;0.41;0.36;0.28
20.05.2015;0.43;0.37;0.29
19.05.2015;0.39;0.34;0.27
18.05.2015;0.42;0.36;0.29
15.05.2015;0.44;0.39;0.32
13.05.2015;0.46;0.4;0.33
12.05.2015;0.45;0.39;0.32
11.05.2015;0.44;0.38;0.32
08.05.2015;0.41;0.34;0.31
07.05.2015;0.45;0.39;0.35
06.05.2015;0.44;0.38;0.35
05.05.2015;0.4;0.34;0.3
04.05.2015;0.38;0.31;0.27
30.04.2015;0.36;0.3;0.27
29.04.2015;0.33;0.26;0.22
28.04.2015;0.28;0.21;0.17
27.04.2015;0.27;0.2;0.16
24.04.2015;0.28;0.22;0.18
23.04.2015;0.26;0.2;0.16
22.04.2015;0.23;0.17;0.12
21.04.2015;0.24;0.18;0.13
20.04.2015;0.23;0.17;0.12
17.04.2015;0.25;0.18;0.14
16.04.2015;0.26;0.2;0.15
15.04.2015;0.27;0.21;0.16
14.04.2015;0.29;0.23;0.18
13.04.2015;0.31;0.25;0.21
10.04.2015;0.33;0.27;0.22
09.04.2015;0.35;0.28;0.23
08.04.2015;0.36;0.3;0.25
07.04.2015;0.38;0.32;0.26
02.04.2015;0.39;0.33;0.27
01.04.2015;0.4;0.34;0.28
31.03.2015;0.43;0.35;0.28
30.03.2015;0.45;0.37;0.29
27.03.2015;0.47;0.39;0.31
26.03.2015;0.48;0.4;0.33
25.03.2015;0.45;0.37;0.29
24.03.2015;0.47;0.39;0.31
23.03.2015;0.48;0.4;0.31
20.03.2015;0.48;0.39;0.31
19.03.2015;0.5;0.41;0.33
18.03.2015;0.46;0.37;0.27
17.03.2015;0.47;0.39;0.3
16.03.2015;0.46;0.39;0.29
13.03.2015;0.46;0.38;0.28
12.03.2015;0.44;0.35;0.26
11.03.2015;0.41;0.33;0.24
10.03.2015;0.46;0.37;0.28
09.03.2015;0.49;0.4;0.33
06.03.2015;0.54;0.45;0.38
05.03.2015;0.49;0.41;0.33
04.03.2015;0.49;0.4;0.28
03.03.2015;0.41;0.31;0.24
02.03.2015;0.39;0.29;0.21
27.02.2015;0.47;0.28;0.21
26.02.2015;0.47;0.28;0.21
25.02.2015;0.5;0.31;0.24
24.02.2015;0.5;0.31;0.24
23.02.2015;0.48;0.3;0.23
20.02.2015;0.44;0.26;0.18
19.02.2015;0.43;0.25;0.18
18.02.2015;0.42;0.24;0.17
17.02.2015;0.44;0.26;0.19
16.02.2015;0.43;0.25;0.18
13.02.2015;0.4;0.23;0.16
12.02.2015;0.4;0.22;0.15
11.02.2015;0.41;0.22;0.15
10.02.2015;0.39;0.19;0.13
09.02.2015;0.36;0.17;0.1
06.02.2015;0.38;0.18;0.11
05.02.2015;0.37;0.17;0.1
04.02.2015;0.4;0.2;0.14
03.02.2015;0.39;0.19;0.13
02.02.2015;0.37;0.16;0.08
30.01.2015;0.47;0.24;0.11
29.01.2015;0.46;0.23;0.12
28.01.2015;0.48;0.25;0.14
27.01.2015;0.46;0.23;0.1
26.01.2015;0.28;0.07;-0.04
23.01.2015;0.24;0.03;-0.06
22.01.2015;0.31;0.1;0
21.01.2015;0.36;0.14;0.06
20.01.2015;0.37;0.16;0.05
19.01.2015;0.38;0.16;0.05
16.01.2015;0.42;0.2;0.1
15.01.2015;0.48;0.26;0.15
14.01.2015;0.55;0.34;0.23
13.01.2015;0.58;0.37;0.27
12.01.2015;0.6;0.39;0.28
09.01.2015;0.59;0.39;0.29
08.01.2015;0.59;0.38;0.28
07.01.2015;0.6;0.39;0.28
06.01.2015;0.65;0.43;0.32
05.01.2015;0.66;0.45;0.34
30.12.2014;0.68;0.48;0.38
29.12.2014;0.68;0.48;0.38
23.12.2014;0.69;0.49;0.4
22.12.2014;0.7;0.49;0.4
19.12.2014;0.71;0.5;0.4
18.12.2014;0.72;0.5;0.4
17.12.2014;0.78;0.54;0.44
16.12.2014;0.78;0.54;0.44
15.12.2014;0.77;0.55;0.45
12.12.2014;0.76;0.55;0.45
11.12.2014;0.77;0.57;0.47
10.12.2014;0.76;0.57;0.47
09.12.2014;0.77;0.59;0.49
08.12.2014;0.78;0.61;0.51
05.12.2014;0.8;0.62;0.52
04.12.2014;0.79;0.62;0.52
03.12.2014;0.8;0.61;0.51
02.12.2014;0.78;0.61;0.51
01.12.2014;0.78;0.61;0.5
28.11.2014;0.76;0.59;0.51
27.11.2014;0.78;0.62;0.54
26.11.2014;0.77;0.61;0.53
25.11.2014;0.78;0.62;0.54
24.11.2014;0.79;0.62;0.54
21.11.2014;0.79;0.62;0.54
20.11.2014;0.79;0.62;0.55
19.11.2014;0.8;0.64;0.56
18.11.2014;0.79;0.63;0.55
17.11.2014;0.79;0.63;0.55
14.11.2014;0.78;0.63;0.54
13.11.2014;0.78;0.63;0.55
12.11.2014;0.78;0.63;0.55
11.11.2014;0.8;0.65;0.57
10.11.2014;0.81;0.66;0.58
07.11.2014;0.82;0.67;0.59
06.11.2014;0.82;0.68;0.6
05.11.2014;0.82;0.67;0.59
04.11.2014;0.82;0.67;0.59
03.11.2014;0.83;0.68;0.6
31.10.2014;0.83;0.68;0.6
30.10.2014;0.83;0.68;0.59
29.10.2014;0.84;0.69;0.6
28.10.2014;0.85;0.69;0.6
27.10.2014;0.85;0.69;0.6
24.10.2014;0.86;0.69;0.6
23.10.2014;0.87;0.7;0.61
22.10.2014;0.86;0.7;0.61
21.10.2014;0.87;0.7;0.61
20.10.2014;0.86;0.7;0.61
17.10.2014;0.87;0.71;0.62
16.10.2014;0.86;0.7;0.6
15.10.2014;0.81;0.65;0.56
14.10.2014;0.82;0.67;0.58
13.10.2014;0.83;0.67;0.58
10.10.2014;0.84;0.68;0.59
09.10.2014;0.83;0.68;0.59
08.10.2014;0.84;0.69;0.59
07.10.2014;0.85;0.7;0.62
06.10.2014;0.85;0.69;0.6
03.10.2014;0.87;0.71;0.62
02.10.2014;0.87;0.71;0.63
01.10.2014;0.86;0.7;0.61
30.09.2014;0.87;0.7;0.62
29.09.2014;0.85;0.69;0.6
26.09.2014;0.84;0.68;0.6
25.09.2014;0.84;0.68;0.6
24.09.2014;0.84;0.67;0.6
23.09.2014;0.84;0.67;0.6
22.09.2014;0.83;0.66;0.59
19.09.2014;0.85;0.68;0.61
18.09.2014;0.86;0.7;0.62
17.09.2014;0.84;0.68;0.61
16.09.2014;0.84;0.68;0.6
15.09.2014;0.84;0.68;0.61
12.09.2014;0.85;0.7;0.62
11.09.2014;0.84;0.69;0.61
10.09.2014;0.85;0.69;0.62
09.09.2014;0.85;0.7;0.62
08.09.2014;0.82;0.67;0.59
05.09.2014;0.83;0.68;0.6
04.09.2014;0.86;0.7;0.62
03.09.2014;0.89;0.72;0.62
02.09.2014;0.86;0.68;0.61
01.09.2014;0.81;0.64;0.57
29.08.2014;0.81;0.65;0.57
28.08.2014;0.8;0.64;0.57
27.08.2014;0.81;0.66;0.59
26.08.2014;0.82;0.68;0.61
25.08.2014;0.81;0.66;0.59
22.08.2014;0.83;0.68;0.6
21.08.2014;0.83;0.68;0.6
20.08.2014;0.83;0.68;0.6
19.08.2014;0.83;0.68;0.6
18.08.2014;0.84;0.68;0.61
15.08.2014;0.84;0.67;0.6
14.08.2014;0.83;0.68;0.61
13.08.2014;0.84;0.68;0.61
12.08.2014;0.85;0.69;0.62
11.08.2014;0.87;0.7;0.63
08.08.2014;0.88;0.7;0.63
07.08.2014;0.88;0.71;0.65
06.08.2014;0.88;0.72;0.65
05.08.2014;0.89;0.74;0.67
04.08.2014;0.88;0.73;0.66
31.07.2014;0.91;0.76;0.69
30.07.2014;0.9;0.74;0.68
29.07.2014;0.88;0.72;0.65
28.07.2014;0.89;0.73;0.66
25.07.2014;0.88;0.73;0.67
24.07.2014;0.88;0.74;0.67
23.07.2014;0.86;0.73;0.66
22.07.2014;0.88;0.74;0.67
21.07.2014;0.88;0.74;0.67
18.07.2014;0.87;0.75;0.68
17.07.2014;0.89;0.77;0.7
16.07.2014;0.89;0.77;0.71
15.07.2014;0.89;0.78;0.71
14.07.2014;0.89;0.78;0.72
11.07.2014;0.88;0.77;0.71
10.07.2014;0.88;0.77;0.71
09.07.2014;0.9;0.79;0.73
08.07.2014;0.89;0.78;0.72
07.07.2014;0.91;0.8;0.74
04.07.2014;0.92;0.81;0.76
03.07.2014;0.93;0.82;0.77
02.07.2014;0.92;0.81;0.75
01.07.2014;0.91;0.8;0.74
30.06.2014;0.91;0.78;0.72
27.06.2014;0.91;0.79;0.73
26.06.2014;0.9;0.78;0.72
25.06.2014;0.92;0.79;0.73
24.06.2014;0.93;0.81;0.75
23.06.2014;0.93;0.81;0.75
20.06.2014;0.93;0.81;0.74
19.06.2014;0.92;0.8;0.73
18.06.2014;0.94;0.82;0.75
17.06.2014;0.94;0.82;0.76
16.06.2014;0.93;0.81;0.74
13.06.2014;0.94;0.82;0.75
12.06.2014;0.93;0.81;0.75
11.06.2014;0.95;0.83;0.76
10.06.2014;0.94;0.82;0.75
06.06.2014;0.92;0.8;0.73
05.06.2014;0.96;0.83;0.76
04.06.2014;0.96;0.83;0.76
03.06.2014;0.95;0.83;0.76
02.06.2014;0.93;0.8;0.73
30.05.2014;0.92;0.79;0.73
28.05.2014;0.91;0.79;0.73
27.05.2014;0.93;0.8;0.75
26.05.2014;0.95;0.82;0.76
23.05.2014;0.95;0.82;0.76
22.05.2014;0.96;0.82;0.77
21.05.2014;0.96;0.83;0.77
20.05.2014;0.96;0.82;0.77
19.05.2014;0.94;0.8;0.74
16.05.2014;0.93;0.8;0.74
15.05.2014;0.9;0.76;0.7
14.05.2014;0.93;0.79;0.73
13.05.2014;0.98;0.84;0.78
12.05.2014;1;0.86;0.8
09.05.2014;1.01;0.87;0.81
08.05.2014;1.02;0.88;0.81
07.05.2014;1.05;0.9;0.83
06.05.2014;1.05;0.9;0.83
05.05.2014;1.05;0.9;0.83
02.05.2014;1.05;0.89;0.83
30.04.2014;1.05;0.89;0.83
29.04.2014;1.06;0.9;0.84
28.04.2014;1.06;0.89;0.83
25.04.2014;1.06;0.89;0.83
24.04.2014;1.05;0.9;0.84
23.04.2014;1.06;0.91;0.85
22.04.2014;1.06;0.91;0.85
17.04.2014;1.06;0.91;0.85
16.04.2014;1.05;0.89;0.83
15.04.2014;1.04;0.88;0.82
14.04.2014;1.05;0.9;0.84
11.04.2014;1.05;0.91;0.85
10.04.2014;1.06;0.92;0.86
09.04.2014;1.08;0.94;0.88
08.04.2014;1.08;0.93;0.87
07.04.2014;1.08;0.93;0.87
04.04.2014;1.09;0.95;0.89
03.04.2014;1.11;0.97;0.91
02.04.2014;1.12;0.98;0.92
01.04.2014;1.12;0.97;0.91
31.03.2014;1.12;0.97;0.91
28.03.2014;1.11;0.96;0.9
27.03.2014;1.11;0.96;0.9
26.03.2014;1.12;0.97;0.91
25.03.2014;1.12;0.96;0.9
24.03.2014;1.15;0.99;0.93
21.03.2014;1.15;1.01;0.95
20.03.2014;1.15;1.01;0.95
19.03.2014;1.12;0.98;0.92
18.03.2014;1.12;0.98;0.92
17.03.2014;1.13;0.98;0.91
14.03.2014;1.12;0.97;0.91
13.03.2014;1.12;0.97;0.91
12.03.2014;1.14;0.99;0.94
11.03.2014;1.15;1;0.95
10.03.2014;1.15;1.01;0.95
07.03.2014;1.17;1.02;0.97
06.03.2014;1.15;1.01;0.95
05.03.2014;1.13;0.99;0.93
04.03.2014;1.12;0.98;0.92
03.03.2014;1.11;0.96;0.9
28.02.2014;1.12;1;0.92
27.02.2014;1.08;0.96;0.89
26.02.2014;1.09;0.97;0.9
25.02.2014;1.1;0.99;0.91
24.02.2014;1.1;0.99;0.91
21.02.2014;1.11;0.99;0.91
20.02.2014;1.11;1;0.92
19.02.2014;1.09;0.97;0.9
18.02.2014;1.1;0.98;0.9
17.02.2014;1.11;0.99;0.91
14.02.2014;1.11;0.98;0.91
13.02.2014;1.1;0.98;0.91
12.02.2014;1.12;1;0.92
11.02.2014;1.11;0.99;0.91
10.02.2014;1.11;0.98;0.91
07.02.2014;1.1;0.98;0.9
06.02.2014;1.11;0.99;0.91
05.02.2014;1.08;0.96;0.88
04.02.2014;1.1;0.97;0.89
03.02.2014;1.11;0.98;0.91
31.01.2014;1.09;0.96;0.89
30.01.2014;1.11;0.99;0.92
29.01.2014;1.13;1.01;0.94
28.01.2014;1.14;1.03;0.96
27.01.2014;1.14;1.03;0.96
24.01.2014;1.13;1.02;0.95
23.01.2014;1.15;1.04;0.96
22.01.2014;1.17;1.06;0.99
21.01.2014;1.18;1.07;1
20.01.2014;1.2;1.08;1.02
17.01.2014;1.21;1.1;1.04
16.01.2014;1.22;1.11;1.04
15.01.2014;1.24;1.13;1.06
14.01.2014;1.23;1.12;1.05
13.01.2014;1.24;1.12;1.06
10.01.2014;1.25;1.14;1.07
09.01.2014;1.27;1.15;1.09
08.01.2014;1.26;1.15;1.08
07.01.2014;1.25;1.14;1.07
06.01.2014;1.28;1.16;1.09
03.01.2014;1.31;1.19;1.12
30.12.2013;1.32;1.2;1.13
27.12.2013;1.32;1.2;1.14
23.12.2013;1.3;1.18;1.11
20.12.2013;1.3;1.18;1.12
19.12.2013;1.3;1.18;1.12
18.12.2013;1.28;1.16;1.09
17.12.2013;1.27;1.15;1.08
16.12.2013;1.26;1.13;1.06
13.12.2013;1.24;1.12;1.05
12.12.2013;1.24;1.11;1.04
11.12.2013;1.24;1.11;1.05
10.12.2013;1.24;1.12;1.05
09.12.2013;1.25;1.13;1.06
06.12.2013;1.26;1.14;1.06
05.12.2013;1.25;1.13;1.05
04.12.2013;1.22;1.09;1.02
03.12.2013;1.19;1.06;0.99
02.12.2013;1.18;1.05;0.99
29.11.2013;1.13;1.02;0.96
28.11.2013;1.14;1.02;0.96
27.11.2013;1.13;1.01;0.94
26.11.2013;1.13;1.01;0.95
25.11.2013;1.14;1.03;0.96
22.11.2013;1.17;1.05;0.98
21.11.2013;1.17;1.05;0.99
20.11.2013;1.17;1.06;0.99
19.11.2013;1.18;1.06;0.99
18.11.2013;1.17;1.05;0.99
15.11.2013;1.18;1.06;1
14.11.2013;1.18;1.06;1
13.11.2013;1.2;1.08;1.02
12.11.2013;1.2;1.08;1.02
11.11.2013;1.17;1.05;0.99
08.11.2013;1.17;1.06;0.99
07.11.2013;1.16;1.04;0.98
06.11.2013;1.19;1.07;1.01
05.11.2013;1.19;1.08;1.01
04.11.2013;1.17;1.05;0.99
01.11.2013;1.18;1.07;1
31.10.2013;1.17;1.06;0.99
30.10.2013;1.17;1.07;1
29.10.2013;1.2;1.09;1.03
28.10.2013;1.2;1.09;1.03
25.10.2013;1.2;1.09;1.03
24.10.2013;1.2;1.1;1.03
23.10.2013;1.21;1.1;1.04
22.10.2013;1.21;1.11;1.05
21.10.2013;1.24;1.13;1.07
18.10.2013;1.24;1.13;1.07
17.10.2013;1.26;1.15;1.09
16.10.2013;1.28;1.17;1.11
15.10.2013;1.27;1.16;1.1
14.10.2013;1.24;1.13;1.07
11.10.2013;1.23;1.12;1.06
10.10.2013;1.23;1.12;1.06
09.10.2013;1.22;1.11;1.05
08.10.2013;1.24;1.13;1.07
07.10.2013;1.23;1.13;1.06
04.10.2013;1.25;1.15;1.09
03.10.2013;1.25;1.14;1.08
02.10.2013;1.24;1.13;1.07
01.10.2013;1.24;1.14;1.07
30.09.2013;1.23;1.12;1.06
27.09.2013;1.25;1.14;1.08
26.09.2013;1.27;1.16;1.1
25.09.2013;1.27;1.16;1.1
24.09.2013;1.27;1.17;1.11
23.09.2013;1.29;1.19;1.13
20.09.2013;1.3;1.2;1.14
19.09.2013;1.29;1.18;1.13
18.09.2013;1.32;1.21;1.15
17.09.2013;1.31;1.21;1.15
16.09.2013;1.32;1.21;1.15
13.09.2013;1.34;1.23;1.18
12.09.2013;1.34;1.24;1.18
11.09.2013;1.37;1.27;1.21
10.09.2013;1.39;1.29;1.23
09.09.2013;1.36;1.25;1.19
06.09.2013;1.35;1.24;1.18
05.09.2013;1.38;1.27;1.21
04.09.2013;1.33;1.22;1.16
03.09.2013;1.34;1.22;1.16
02.09.2013;1.33;1.22;1.16
30.08.2013;1.31;1.2;1.14
29.08.2013;1.33;1.21;1.16
28.08.2013;1.35;1.24;1.18
27.08.2013;1.34;1.23;1.17
26.08.2013;1.36;1.26;1.2
23.08.2013;1.39;1.28;1.22
22.08.2013;1.37;1.26;1.2
21.08.2013;1.36;1.24;1.18
20.08.2013;1.35;1.24;1.18
19.08.2013;1.37;1.26;1.2
16.08.2013;1.35;1.25;1.19
15.08.2013;1.37;1.26;1.2
14.08.2013;1.34;1.23;1.17
13.08.2013;1.33;1.22;1.15
12.08.2013;1.29;1.18;1.12
09.08.2013;1.3;1.19;1.12
08.08.2013;1.3;1.19;1.12
07.08.2013;1.31;1.2;1.13
06.08.2013;1.34;1.22;1.15
05.08.2013;1.33;1.22;1.15
02.08.2013;1.32;1.21;1.14
31.07.2013;1.31;1.19;1.12
30.07.2013;1.3;1.18;1.12
29.07.2013;1.31;1.19;1.12
26.07.2013;1.32;1.2;1.13
25.07.2013;1.33;1.21;1.14
24.07.2013;1.33;1.21;1.14
23.07.2013;1.32;1.19;1.12
22.07.2013;1.3;1.18;1.1
19.07.2013;1.32;1.19;1.11
18.07.2013;1.32;1.19;1.12
17.07.2013;1.34;1.21;1.14
16.07.2013;1.34;1.21;1.14
15.07.2013;1.35;1.21;1.14
12.07.2013;1.34;1.2;1.13
11.07.2013;1.35;1.22;1.15
10.07.2013;1.36;1.23;1.15
09.07.2013;1.36;1.23;1.16
08.07.2013;1.37;1.24;1.16
05.07.2013;1.39;1.26;1.18
04.07.2013;1.38;1.25;1.17
03.07.2013;1.39;1.26;1.18
02.07.2013;1.41;1.27;1.19
01.07.2013;1.43;1.29;1.22
28.06.2013;1.42;1.28;1.26
27.06.2013;1.43;1.29;1.26
26.06.2013;1.46;1.32;1.29
25.06.2013;1.49;1.35;1.33
24.06.2013;1.54;1.4;1.38
21.06.2013;1.37;1.23;1.2
20.06.2013;1.34;1.21;1.18
19.06.2013;1.25;1.12;1.09
18.06.2013;1.25;1.12;1.1
17.06.2013;1.25;1.11;1.09
14.06.2013;1.27;1.14;1.11
13.06.2013;1.27;1.14;1.11
12.06.2013;1.28;1.14;1.12
11.06.2013;1.29;1.16;1.13
10.06.2013;1.22;1.09;1.06
07.06.2013;1.21;1.08;1.05
06.06.2013;1.2;1.07;1.04
05.06.2013;1.18;1.05;1.03
04.06.2013;1.16;1.04;1.02
03.06.2013;1.15;1.03;1.01
31.05.2013;1.13;1.02;0.99
30.05.2013;1.12;1.01;0.98
29.05.2013;1.12;1.01;0.99
28.05.2013;1.07;0.96;0.93
27.05.2013;1.06;0.95;0.93
24.05.2013;1.07;0.95;0.92
23.05.2013;1.05;0.94;0.91
22.05.2013;1.05;0.94;0.91
21.05.2013;1.06;0.95;0.93
17.05.2013;1.05;0.93;0.91
16.05.2013;1.06;0.95;0.93
15.05.2013;1.07;0.95;0.93
14.05.2013;1.05;0.93;0.91
13.05.2013;1.05;0.94;0.91
10.05.2013;1.06;0.94;0.92
08.05.2013;1.04;0.92;0.9
07.05.2013;1.06;0.94;0.91
06.05.2013;1.05;0.92;0.89
03.05.2013;1.04;0.92;0.89
02.05.2013;1.03;0.9;0.87
30.04.2013;1.05;0.92;0.89
29.04.2013;1.04;0.91;0.88
26.04.2013;1.05;0.91;0.88
25.04.2013;1.07;0.94;0.9
24.04.2013;1.07;0.94;0.9
23.04.2013;1.07;0.94;0.9
22.04.2013;1.08;0.95;0.91
19.04.2013;1.1;0.96;0.92
18.04.2013;1.09;0.96;0.92
17.04.2013;1.1;0.96;0.92
16.04.2013;1.11;0.97;0.94
15.04.2013;1.13;0.99;0.95
12.04.2013;1.14;1.01;0.97
11.04.2013;1.16;1.02;0.98
10.04.2013;1.16;1.02;0.98
09.04.2013;1.16;1.01;0.97
08.04.2013;1.15;1;0.96
05.04.2013;1.14;0.99;0.95
04.04.2013;1.14;1;0.95
03.04.2013;1.15;1;0.96
02.04.2013;1.15;1.01;0.97
28.03.2013;1.14;1;0.97
27.03.2013;1.15;1.01;0.98
26.03.2013;1.16;1.02;0.98
25.03.2013;1.15;1.01;0.97
22.03.2013;1.15;1.02;0.98
21.03.2013;1.16;1.02;0.98
20.03.2013;1.16;1.03;0.99
19.03.2013;1.15;1.01;0.97
18.03.2013;1.17;1.04;1
15.03.2013;1.2;1.06;1.02
14.03.2013;1.21;1.07;1.04
13.03.2013;1.19;1.06;1.02
12.03.2013;1.18;1.04;1
11.03.2013;1.18;1.04;1
08.03.2013;1.19;1.05;1.01
07.03.2013;1.18;1.04;1.01
06.03.2013;1.17;1.03;0.99
05.03.2013;1.17;1.03;0.99
04.03.2013;1.16;1.02;0.98
01.03.2013;1.16;1.02;0.98
28.02.2013;1.15;1.02;0.98
27.02.2013;1.16;1.03;0.98
26.02.2013;1.18;1.05;1.01
25.02.2013;1.2;1.07;1.03
22.02.2013;1.2;1.07;1.03
21.02.2013;1.21;1.08;1.04
20.02.2013;1.23;1.1;1.06
19.02.2013;1.21;1.08;1.04
18.02.2013;1.22;1.09;1.04
15.02.2013;1.23;1.09;1.05
14.02.2013;1.22;1.09;1.04
13.02.2013;1.23;1.1;1.05
12.02.2013;1.23;1.09;1.04
11.02.2013;1.22;1.08;1.03
08.02.2013;1.23;1.09;1.05
07.02.2013;1.24;1.1;1.05
06.02.2013;1.24;1.11;1.05
05.02.2013;1.24;1.1;1.05
04.02.2013;1.25;1.12;1.07
01.02.2013;1.27;1.14;1.09
31.01.2013;1.27;1.14;1.11
30.01.2013;1.28;1.14;1.12
29.01.2013;1.25;1.12;1.09
28.01.2013;1.27;1.14;1.11
25.01.2013;1.23;1.1;1.07
24.01.2013;1.19;1.06;1.03
23.01.2013;1.19;1.05;1.02
22.01.2013;1.19;1.06;1.03
21.01.2013;1.2;1.07;1.04
18.01.2013;1.2;1.07;1.04
17.01.2013;1.19;1.06;1.03
16.01.2013;1.16;1.03;1
15.01.2013;1.15;1.03;1
14.01.2013;1.17;1.04;1.02
11.01.2013;1.18;1.05;1.02
10.01.2013;1.15;1.02;1
09.01.2013;1.14;1.01;0.98
08.01.2013;1.14;1.01;0.98
07.01.2013;1.16;1.02;0.99
04.01.2013;1.18;1.04;1.01
03.01.2013;1.16;1.02;0.98
28.12.2012;1.14;1;0.97
27.12.2012;1.13;0.99;0.96
21.12.2012;1.13;0.99;0.95
20.12.2012;1.13;0.99;0.96
19.12.2012;1.14;0.99;0.96
18.12.2012;1.12;0.98;0.94
17.12.2012;1.12;0.98;0.94
14.12.2012;1.12;0.97;0.93
13.12.2012;1.11;0.96;0.92
12.12.2012;1.08;0.94;0.89
11.12.2012;1.06;0.92;0.87
10.12.2012;1.06;0.91;0.87
07.12.2012;1.07;0.93;0.88
06.12.2012;1.08;0.93;0.88
05.12.2012;1.1;0.95;0.91
04.12.2012;1.1;0.95;0.91
03.12.2012;1.13;0.99;0.94
30.11.2012;1.12;0.97;0.99
29.11.2012;1.13;0.98;1
28.11.2012;1.13;0.98;1
27.11.2012;1.14;0.99;1.01
26.11.2012;1.14;0.99;1.01
23.11.2012;1.15;1;1.02
22.11.2012;1.15;1;1.02
21.11.2012;1.15;1;1.03
20.11.2012;1.13;0.98;1
19.11.2012;1.11;0.96;0.98
16.11.2012;1.11;0.95;0.97
15.11.2012;1.11;0.96;0.97
14.11.2012;1.1;0.95;0.96
13.11.2012;1.09;0.93;0.95
12.11.2012;1.09;0.94;0.96
09.11.2012;1.1;0.95;0.96
08.11.2012;1.11;0.96;0.97
07.11.2012;1.12;0.96;0.98
06.11.2012;1.13;0.98;1
05.11.2012;1.13;0.98;0.99
02.11.2012;1.14;0.98;1
01.11.2012;1.13;0.97;0.99
31.10.2012;1.09;0.96;0.98
30.10.2012;1.09;0.96;0.98
29.10.2012;1.08;0.96;0.98
26.10.2012;1.1;0.97;0.99
25.10.2012;1.09;0.97;0.99
24.10.2012;1.09;0.96;0.97
23.10.2012;1.08;0.95;0.97
22.10.2012;1.09;0.97;0.98
19.10.2012;1.11;0.98;1
18.10.2012;1.12;0.99;1
17.10.2012;1.12;0.99;1
16.10.2012;1.1;0.97;0.99
15.10.2012;1.09;0.96;0.98
12.10.2012;1.11;0.97;0.99
11.10.2012;1.11;0.98;1
10.10.2012;1.11;0.98;0.99
09.10.2012;1.11;0.98;0.99
08.10.2012;1.13;0.99;1.01
05.10.2012;1.13;1;1.01
04.10.2012;1.12;0.98;1
03.10.2012;1.12;0.98;1
02.10.2012;1.14;1.01;1.02
01.10.2012;1.15;1.01;1.03
28.09.2012;1.13;1.01;1.03
27.09.2012;1.14;1.01;1.04
26.09.2012;1.15;1.02;1.05
25.09.2012;1.16;1.03;1.06
24.09.2012;1.15;1.02;1.05
21.09.2012;1.16;1.03;1.06
20.09.2012;1.16;1.03;1.06
19.09.2012;1.17;1.04;1.07
18.09.2012;1.16;1.04;1.07
17.09.2012;1.19;1.06;1.09
14.09.2012;1.2;1.07;1.1
13.09.2012;1.18;1.05;1.07
12.09.2012;1.2;1.07;1.1
11.09.2012;1.18;1.05;1.08
10.09.2012;1.19;1.07;1.09
07.09.2012;1.2;1.07;1.1
06.09.2012;1.18;1.06;1.09
05.09.2012;1.15;1.03;1.06
04.09.2012;1.15;1.03;1.06
03.09.2012;1.15;1.03;1.06
31.08.2012;1.15;1.03;1.06
30.08.2012;1.14;1.01;1.05
29.08.2012;1.17;1.05;1.09
28.08.2012;1.17;1.05;1.09
27.08.2012;1.18;1.06;1.1
24.08.2012;1.16;1.04;1.08
23.08.2012;1.17;1.05;1.09
22.08.2012;1.19;1.07;1.11
21.08.2012;1.21;1.09;1.13
20.08.2012;1.22;1.09;1.13
17.08.2012;1.22;1.09;1.13
16.08.2012;1.22;1.1;1.14
15.08.2012;1.25;1.13;1.17
14.08.2012;1.23;1.1;1.14
13.08.2012;1.24;1.11;1.15
10.08.2012;1.25;1.12;1.16
09.08.2012;1.27;1.13;1.17
08.08.2012;1.28;1.14;1.18
07.08.2012;1.29;1.15;1.19
06.08.2012;1.28;1.14;1.18
03.08.2012;1.3;1.15;1.19
02.08.2012;1.26;1.12;1.14
31.07.2012;1.29;1.16;1.15
30.07.2012;1.32;1.2;1.19
27.07.2012;1.35;1.23;1.22
26.07.2012;1.35;1.22;1.22
25.07.2012;1.34;1.22;1.21
24.07.2012;1.34;1.22;1.21
23.07.2012;1.34;1.21;1.2
20.07.2012;1.33;1.21;1.2
19.07.2012;1.36;1.23;1.23
18.07.2012;1.36;1.23;1.22
17.07.2012;1.36;1.23;1.22
16.07.2012;1.36;1.23;1.22
13.07.2012;1.36;1.23;1.22
12.07.2012;1.35;1.22;1.21
11.07.2012;1.37;1.24;1.23
10.07.2012;1.38;1.25;1.24
09.07.2012;1.39;1.25;1.24
06.07.2012;1.39;1.26;1.24
05.07.2012;1.43;1.3;1.28
04.07.2012;1.47;1.34;1.32
03.07.2012;1.48;1.35;1.34
02.07.2012;1.5;1.37;1.36
29.06.2012;1.52;1.39;1.38
28.06.2012;1.5;1.37;1.34
27.06.2012;1.53;1.4;1.37
26.06.2012;1.53;1.4;1.37
25.06.2012;1.51;1.38;1.34
22.06.2012;1.52;1.39;1.36
21.06.2012;1.51;1.38;1.35
20.06.2012;1.55;1.42;1.39
19.06.2012;1.53;1.4;1.36
18.06.2012;1.53;1.4;1.36
15.06.2012;1.54;1.41;1.37
14.06.2012;1.53;1.4;1.35
13.06.2012;1.53;1.41;1.36
12.06.2012;1.54;1.41;1.36
11.06.2012;1.55;1.43;1.38
08.06.2012;1.59;1.47;1.42
07.06.2012;1.63;1.5;1.45
06.06.2012;1.61;1.48;1.43
05.06.2012;1.57;1.44;1.38
04.06.2012;1.58;1.45;1.39
01.06.2012;1.57;1.44;1.37
31.05.2012;1.59;1.46;1.39
30.05.2012;1.6;1.48;1.41
29.05.2012;1.6;1.48;1.42
25.05.2012;1.62;1.5;1.44
24.05.2012;1.63;1.51;1.44
23.05.2012;1.62;1.5;1.43
22.05.2012;1.67;1.54;1.48
21.05.2012;1.66;1.53;1.46
18.05.2012;1.63;1.5;1.43
16.05.2012;1.65;1.53;1.47
15.05.2012;1.63;1.51;1.45
14.05.2012;1.62;1.5;1.44
11.05.2012;1.64;1.52;1.47
10.05.2012;1.63;1.51;1.46
09.05.2012;1.62;1.49;1.44
08.05.2012;1.62;1.5;1.45
07.05.2012;1.63;1.51;1.45
04.05.2012;1.65;1.52;1.46
03.05.2012;1.67;1.54;1.47
02.05.2012;1.68;1.56;1.48
30.04.2012;1.69;1.6;1.56
27.04.2012;1.7;1.61;1.56
26.04.2012;1.69;1.6;1.56
25.04.2012;1.72;1.63;1.59
24.04.2012;1.73;1.63;1.59
23.04.2012;1.7;1.61;1.56
20.04.2012;1.72;1.62;1.57
19.04.2012;1.68;1.59;1.54
18.04.2012;1.68;1.59;1.54
17.04.2012;1.68;1.58;1.53
16.04.2012;1.66;1.57;1.51
13.04.2012;1.66;1.56;1.51
12.04.2012;1.67;1.57;1.52
11.04.2012;1.66;1.56;1.5
10.04.2012;1.63;1.53;1.47
05.04.2012;1.66;1.56;1.51
04.04.2012;1.69;1.6;1.55
03.04.2012;1.68;1.59;1.54
02.04.2012;1.66;1.57;1.52
30.03.2012;1.65;1.57;1.52
29.03.2012;1.65;1.57;1.52
28.03.2012;1.66;1.58;1.54
27.03.2012;1.67;1.59;1.54
26.03.2012;1.68;1.6;1.55
23.03.2012;1.67;1.59;1.53
22.03.2012;1.69;1.61;1.56
21.03.2012;1.73;1.65;1.59
20.03.2012;1.73;1.65;1.6
19.03.2012;1.74;1.66;1.6
16.03.2012;1.76;1.67;1.62
15.03.2012;1.74;1.65;1.59
14.03.2012;1.71;1.62;1.56
13.03.2012;1.68;1.58;1.52
12.03.2012;1.68;1.59;1.53
09.03.2012;1.7;1.61;1.54
08.03.2012;1.7;1.61;1.55
07.03.2012;1.7;1.61;1.54
06.03.2012;1.7;1.61;1.54
05.03.2012;1.71;1.62;1.56
02.03.2012;1.71;1.62;1.56
01.03.2012;1.73;1.64;1.58
29.02.2012;1.72;1.63;1.56
28.02.2012;1.74;1.64;1.58
27.02.2012;1.75;1.65;1.6
24.02.2012;1.8;1.7;1.65
23.02.2012;1.8;1.7;1.64
22.02.2012;1.82;1.72;1.66
21.02.2012;1.84;1.74;1.68
20.02.2012;1.84;1.74;1.68
17.02.2012;1.83;1.73;1.67
16.02.2012;1.82;1.71;1.65
15.02.2012;1.81;1.71;1.65
14.02.2012;1.83;1.73;1.68
13.02.2012;1.85;1.76;1.7
10.02.2012;1.86;1.77;1.72
09.02.2012;1.88;1.79;1.74
08.02.2012;1.89;1.8;1.75
07.02.2012;1.9;1.81;1.75
06.02.2012;1.9;1.8;1.75
03.02.2012;1.91;1.82;1.77
02.02.2012;1.89;1.79;1.73
01.02.2012;1.89;1.79;1.73
31.01.2012;1.91;1.81;1.75
30.01.2012;1.92;1.83;1.76
27.01.2012;1.94;1.84;1.78
26.01.2012;1.96;1.86;1.8
25.01.2012;1.99;1.89;1.83
24.01.2012;1.99;1.89;1.83
23.01.2012;2;1.9;1.84
20.01.2012;1.99;1.89;1.82
19.01.2012;1.99;1.88;1.81
18.01.2012;1.99;1.88;1.8
17.01.2012;1.99;1.88;1.8
16.01.2012;2;1.89;1.8
13.01.2012;2.01;1.9;1.81
12.01.2012;2.03;1.91;1.83
11.01.2012;2.05;1.94;1.85
10.01.2012;2.08;1.96;1.87
09.01.2012;2.08;1.97;1.88
06.01.2012;2.07;1.95;1.86
05.01.2012;2.01;1.89;1.79
04.01.2012;2.08;1.96;1.86
03.01.2012;2.11;1.99;1.9
30.12.2011;2.12;2.01;1.89
29.12.2011;2.14;2.03;1.92
28.12.2011;2.16;2.05;1.94
27.12.2011;2.15;2.04;1.93
23.12.2011;2.16;2.06;1.94
22.12.2011;2.16;2.05;1.94
21.12.2011;2.17;2.06;1.95
20.12.2011;2.17;2.06;1.95
19.12.2011;2.14;2.04;1.92
16.12.2011;2.13;2.02;1.91
15.12.2011;2.13;2.02;1.91
14.12.2011;2.11;2.01;1.89
13.12.2011;2.11;2.01;1.9
12.12.2011;2.12;2.01;1.9
09.12.2011;2.14;2.03;1.93
08.12.2011;2.13;2.03;1.92
07.12.2011;2.16;2.05;1.95
06.12.2011;2.21;2.1;2.01
05.12.2011;2.24;2.14;2.05
02.12.2011;2.24;2.13;2.03
01.12.2011;2.26;2.16;2.05
30.11.2011;2.3;2.18;2.08
29.11.2011;2.32;2.19;2.09
28.11.2011;2.3;2.17;2.07
25.11.2011;2.28;2.15;2.04
24.11.2011;2.14;2.01;1.88
23.11.2011;2.13;1.99;1.87
22.11.2011;2.08;1.94;1.82
21.11.2011;2.02;1.89;1.77
18.11.2011;2.04;1.92;1.8
17.11.2011;2.01;1.89;1.77
16.11.2011;1.97;1.85;1.73
15.11.2011;1.97;1.85;1.74
14.11.2011;1.96;1.84;1.73
11.11.2011;1.97;1.86;1.74
10.11.2011;1.96;1.84;1.72
09.11.2011;1.91;1.8;1.68
08.11.2011;1.92;1.81;1.69
07.11.2011;1.91;1.79;1.67
04.11.2011;1.92;1.81;1.69
03.11.2011;1.96;1.84;1.73
02.11.2011;1.97;1.86;1.74
01.11.2011;1.95;1.83;1.71
31.10.2011;2;1.91;1.78
28.10.2011;2.04;1.96;1.82
27.10.2011;2.06;1.97;1.83
26.10.2011;2.05;1.95;1.79
25.10.2011;2.08;1.98;1.82
24.10.2011;2.08;1.98;1.82
21.10.2011;2.07;1.98;1.82
20.10.2011;2.07;1.98;1.81
19.10.2011;2.09;2;1.83
18.10.2011;2.08;1.98;1.81
17.10.2011;2.08;1.99;1.82
14.10.2011;2.11;2.02;1.85
13.10.2011;2.09;1.99;1.82
12.10.2011;2.13;2.03;1.86
11.10.2011;2.11;2.01;1.83
10.10.2011;2.15;2.04;1.85
07.10.2011;2.13;2.03;1.82
06.10.2011;2.12;2.02;1.82
05.10.2011;2.1;2;1.79
04.10.2011;2.06;1.96;1.74
03.10.2011;2.03;1.93;1.73
30.09.2011;2;1.9;1.71
29.09.2011;2.01;1.92;1.73
28.09.2011;1.97;1.88;1.69
27.09.2011;1.97;1.88;1.69
26.09.2011;1.97;1.88;1.67
23.09.2011;1.98;1.88;1.67
22.09.2011;1.89;1.8;1.63
21.09.2011;1.9;1.81;1.66
20.09.2011;1.89;1.81;1.66
19.09.2011;1.92;1.84;1.7
16.09.2011;1.92;1.84;1.72
15.09.2011;1.94;1.86;1.73
14.09.2011;1.94;1.86;1.73
13.09.2011;1.93;1.84;1.72
12.09.2011;1.9;1.82;1.7
09.09.2011;1.9;1.82;1.72
08.09.2011;1.92;1.85;1.74
07.09.2011;1.93;1.85;1.75
06.09.2011;1.86;1.79;1.68
05.09.2011;1.82;1.74;1.64
02.09.2011;1.85;1.78;1.68
01.09.2011;1.94;1.87;1.78
31.08.2011;1.97;1.89;1.8
30.08.2011;1.94;1.86;1.77
29.08.2011;1.95;1.87;1.78
26.08.2011;1.93;1.85;1.75
25.08.2011;1.92;1.84;1.75
24.08.2011;1.94;1.86;1.74
23.08.2011;1.91;1.84;1.73
22.08.2011;1.89;1.81;1.71
19.08.2011;1.82;1.75;1.65
18.08.2011;1.7;1.63;1.54
17.08.2011;1.78;1.7;1.62
16.08.2011;1.88;1.81;1.72
15.08.2011;1.89;1.82;1.73
12.08.2011;1.93;1.85;1.76
11.08.2011;1.9;1.82;1.73
10.08.2011;1.82;1.74;1.66
09.08.2011;1.85;1.77;1.69
08.08.2011;1.74;1.67;1.61
05.08.2011;1.77;1.7;1.65
04.08.2011;1.77;1.71;1.67
03.08.2011;1.8;1.74;1.7
02.08.2011;1.86;1.8;1.76
29.07.2011;1.89;1.82;1.79
28.07.2011;1.92;1.85;1.83
27.07.2011;1.92;1.85;1.82
26.07.2011;1.97;1.89;1.87
25.07.2011;1.96;1.89;1.86
22.07.2011;1.99;1.92;1.89
21.07.2011;2.02;1.94;1.92
20.07.2011;1.97;1.89;1.87
19.07.2011;1.96;1.87;1.85
18.07.2011;1.92;1.83;1.81
15.07.2011;1.92;1.83;1.81
14.07.2011;1.92;1.84;1.82
13.07.2011;1.94;1.86;1.83
12.07.2011;1.94;1.86;1.83
11.07.2011;1.95;1.87;1.85
08.07.2011;2.01;1.93;1.92
07.07.2011;2.06;1.98;1.97
06.07.2011;2.02;1.94;1.93
05.07.2011;2.05;1.98;1.96
04.07.2011;2.06;1.99;1.97
01.07.2011;2.05;1.98;1.97
30.06.2011;2.07;1.99;1.98
29.06.2011;2.06;1.98;1.97
28.06.2011;2.03;1.94;1.93
27.06.2011;2.02;1.93;1.92
24.06.2011;2;1.92;1.9
23.06.2011;1.98;1.9;1.89
22.06.2011;2.02;1.95;1.94
21.06.2011;2.03;1.96;1.95
20.06.2011;2.02;1.95;1.94
17.06.2011;2.01;1.94;1.93
16.06.2011;2.02;1.94;1.93
15.06.2011;2.03;1.96;1.95
14.06.2011;2.04;1.97;1.96
10.06.2011;1.99;1.92;1.91
09.06.2011;2.05;1.98;1.98
08.06.2011;2.08;2.01;2
07.06.2011;2.13;2.07;2.06
06.06.2011;2.11;2.05;2.04
03.06.2011;2.12;2.05;2.05
01.06.2011;2.1;2.04;2.03
31.05.2011;2.11;2.05;2.05
30.05.2011;2.11;2.04;2.05
27.05.2011;2.1;2.04;2.04
26.05.2011;2.12;2.06;2.06
25.05.2011;2.13;2.08;2.08
24.05.2011;2.16;2.1;2.1
23.05.2011;2.12;2.06;2.06
20.05.2011;2.14;2.09;2.09
19.05.2011;2.19;2.13;2.14
18.05.2011;2.17;2.11;2.11
17.05.2011;2.15;2.1;2.1
16.05.2011;2.17;2.11;2.12
13.05.2011;2.16;2.11;2.11
12.05.2011;2.12;2.07;2.07
11.05.2011;2.14;2.08;2.08
10.05.2011;2.17;2.11;2.11
09.05.2011;2.18;2.13;2.12
06.05.2011;2.23;2.17;2.17
05.05.2011;2.26;2.2;2.2
04.05.2011;2.31;2.26;2.25
03.05.2011;2.33;2.27;2.27
02.05.2011;2.35;2.3;2.29
29.04.2011;2.34;2.29;2.28
28.04.2011;2.3;2.25;2.24
27.04.2011;2.34;2.29;2.29
26.04.2011;2.32;2.27;2.26
21.04.2011;2.33;2.28;2.27
20.04.2011;2.32;2.27;2.25
19.04.2011;2.32;2.27;2.26
18.04.2011;2.32;2.26;2.25
15.04.2011;2.39;2.34;2.32
14.04.2011;2.41;2.35;2.34
13.04.2011;2.43;2.37;2.36
12.04.2011;2.43;2.38;2.37
11.04.2011;2.47;2.41;2.4
08.04.2011;2.45;2.39;2.38
07.04.2011;2.39;2.33;2.32
06.04.2011;2.39;2.33;2.32
05.04.2011;2.37;2.31;2.29
04.04.2011;2.37;2.31;2.29
01.04.2011;2.36;2.3;2.28
31.03.2011;2.31;2.25;2.25
30.03.2011;2.29;2.23;2.22
29.03.2011;2.27;2.21;2.2
28.03.2011;2.27;2.21;2.2
25.03.2011;2.24;2.18;2.17
24.03.2011;2.23;2.17;2.16
23.03.2011;2.22;2.16;2.15
22.03.2011;2.24;2.18;2.17
21.03.2011;2.22;2.16;2.15
18.03.2011;2.16;2.1;2.09
17.03.2011;2.16;2.09;2.08
16.03.2011;2.13;2.06;2.05
15.03.2011;2.15;2.09;2.08
14.03.2011;2.17;2.11;2.1
11.03.2011;2.15;2.09;2.08
10.03.2011;2.18;2.12;2.11
09.03.2011;2.22;2.16;2.15
08.03.2011;2.23;2.16;2.16
07.03.2011;2.23;2.17;2.16
04.03.2011;2.23;2.16;2.16
03.03.2011;2.24;2.17;2.17
02.03.2011;2.2;2.14;2.13
01.03.2011;2.22;2.15;2.15
28.02.2011;2.19;2.14;2.14
25.02.2011;2.18;2.14;2.13
24.02.2011;2.16;2.11;2.11
23.02.2011;2.17;2.12;2.11
22.02.2011;2.17;2.12;2.12
21.02.2011;2.16;2.11;2.11
18.02.2011;2.19;2.14;2.13
17.02.2011;2.16;2.12;2.11
16.02.2011;2.2;2.15;2.15
15.02.2011;2.19;2.14;2.14
14.02.2011;2.19;2.14;2.13
11.02.2011;2.18;2.13;2.13
10.02.2011;2.22;2.17;2.16
09.02.2011;2.23;2.18;2.18
08.02.2011;2.19;2.14;2.13
07.02.2011;2.21;2.16;2.14
04.02.2011;2.2;2.15;2.14
03.02.2011;2.18;2.13;2.12
02.02.2011;2.22;2.16;2.15
01.02.2011;2.23;2.18;2.16
31.01.2011;2.18;2.12;2.1
28.01.2011;2.2;2.14;2.12
27.01.2011;2.2;2.15;2.13
26.01.2011;2.2;2.15;2.13
25.01.2011;2.21;2.15;2.13
24.01.2011;2.21;2.16;2.13
21.01.2011;2.23;2.18;2.15
20.01.2011;2.24;2.19;2.16
19.01.2011;2.21;2.15;2.13
18.01.2011;2.23;2.18;2.15
17.01.2011;2.23;2.17;2.14
14.01.2011;2.21;2.16;2.13
13.01.2011;2.18;2.12;2.09
12.01.2011;2.15;2.1;2.06
11.01.2011;2.1;2.04;2
10.01.2011;2.11;2.06;2.02
07.01.2011;2.15;2.09;2.05
06.01.2011;2.16;2.1;2.07
05.01.2011;2.11;2.05;2.02
04.01.2011;2.1;2.04;2
03.01.2011;2.1;2.05;2
30.12.2010;2.17;2.12;2.09
29.12.2010;2.18;2.13;2.09
28.12.2010;2.13;2.09;2.04
27.12.2010;2.15;2.1;2.07
23.12.2010;2.13;2.08;2.04
22.12.2010;2.13;2.08;2.04
21.12.2010;2.17;2.13;2.09
20.12.2010;2.19;2.14;2.1
17.12.2010;2.25;2.2;2.16
16.12.2010;2.3;2.25;2.22
15.12.2010;2.26;2.21;2.18
14.12.2010;2.22;2.18;2.14
13.12.2010;2.15;2.1;2.06
10.12.2010;2.13;2.08;2.03
09.12.2010;2.1;2.06;2.01
08.12.2010;2.1;2.06;2.02
07.12.2010;2.06;2.01;1.97
06.12.2010;2.06;2.01;1.97
03.12.2010;2.1;2.06;2.01
02.12.2010;2.1;2.05;2
01.12.2010;2.08;2.03;1.98
30.11.2010;2.02;1.98;1.93
29.11.2010;2.04;2;1.97
26.11.2010;2.03;1.99;1.96
25.11.2010;2.03;1.98;1.96
24.11.2010;1.99;1.95;1.92
23.11.2010;1.93;1.89;1.86
22.11.2010;1.94;1.9;1.88
19.11.2010;1.96;1.92;1.9
18.11.2010;1.97;1.93;1.91
17.11.2010;1.93;1.89;1.86
16.11.2010;1.94;1.9;1.87
15.11.2010;1.95;1.91;1.89
12.11.2010;1.94;1.9;1.88
11.11.2010;1.92;1.87;1.85
10.11.2010;1.92;1.88;1.85
09.11.2010;1.87;1.83;1.8
08.11.2010;1.87;1.83;1.8
05.11.2010;1.87;1.83;1.8
04.11.2010;1.89;1.85;1.82
03.11.2010;1.91;1.87;1.84
02.11.2010;1.92;1.88;1.84
01.11.2010;1.92;1.87;1.84
29.10.2010;1.91;1.88;1.85
28.10.2010;1.94;1.91;1.88
27.10.2010;1.96;1.92;1.9
26.10.2010;1.95;1.91;1.89
25.10.2010;1.92;1.89;1.86
22.10.2010;1.92;1.88;1.85
21.10.2010;1.92;1.88;1.85
20.10.2010;1.92;1.89;1.86
19.10.2010;1.93;1.89;1.87
18.10.2010;1.91;1.88;1.85
15.10.2010;1.9;1.86;1.84
14.10.2010;1.86;1.82;1.79
13.10.2010;1.86;1.83;1.81
12.10.2010;1.85;1.82;1.79
11.10.2010;1.89;1.85;1.83
08.10.2010;1.9;1.86;1.84
07.10.2010;1.93;1.89;1.87
06.10.2010;1.89;1.85;1.83
05.10.2010;1.91;1.87;1.84
04.10.2010;1.91;1.87;1.85
01.10.2010;1.94;1.9;1.87
30.09.2010;1.9;1.86;1.84
29.09.2010;1.87;1.83;1.81
28.09.2010;1.86;1.81;1.79
27.09.2010;1.87;1.83;1.81
24.09.2010;1.91;1.86;1.84
23.09.2010;1.87;1.83;1.81
22.09.2010;1.88;1.84;1.82
21.09.2010;1.92;1.87;1.85
20.09.2010;1.95;1.91;1.89
17.09.2010;1.94;1.89;1.87
16.09.2010;1.98;1.93;1.91
15.09.2010;2;1.95;1.93
14.09.2010;1.96;1.91;1.89
13.09.2010;2.01;1.96;1.94
10.09.2010;1.98;1.93;1.91
09.09.2010;1.95;1.9;1.88
08.09.2010;1.92;1.87;1.85
07.09.2010;1.88;1.83;1.81
06.09.2010;1.89;1.84;1.82
03.09.2010;1.88;1.83;1.81
02.09.2010;1.85;1.8;1.78
01.09.2010;1.82;1.77;1.74
31.08.2010;1.78;1.73;1.7
30.08.2010;1.8;1.75;1.73
27.08.2010;1.78;1.73;1.7
26.08.2010;1.75;1.7;1.68
25.08.2010;1.71;1.67;1.64
24.08.2010;1.69;1.64;1.61
23.08.2010;1.74;1.7;1.68
20.08.2010;1.74;1.69;1.68
19.08.2010;1.76;1.72;1.7
18.08.2010;1.76;1.71;1.69
17.08.2010;1.79;1.74;1.72
16.08.2010;1.77;1.73;1.71
13.08.2010;1.82;1.77;1.76
12.08.2010;1.83;1.78;1.76
11.08.2010;1.82;1.78;1.76
10.08.2010;1.92;1.87;1.86
09.08.2010;1.94;1.89;1.88
06.08.2010;1.96;1.91;1.9
05.08.2010;1.98;1.93;1.92
04.08.2010;1.99;1.94;1.93
03.08.2010;2.01;1.96;1.95
02.08.2010;2.04;1.98;1.98
30.07.2010;2;1.94;1.93
29.07.2010;2.02;1.97;1.96
28.07.2010;2.02;1.96;1.95
27.07.2010;2.03;1.97;1.96
26.07.2010;2.03;1.97;1.95
23.07.2010;2;1.94;1.92
22.07.2010;1.98;1.92;1.9
21.07.2010;1.98;1.92;1.9
20.07.2010;1.98;1.92;1.9
19.07.2010;2;1.94;1.92
16.07.2010;2.02;1.96;1.94
15.07.2010;2.02;1.96;1.95
14.07.2010;2.03;1.97;1.95
13.07.2010;2.02;1.96;1.94
12.07.2010;2.02;1.96;1.94
09.07.2010;2.05;1.98;1.97
08.07.2010;2.06;1.98;1.97
07.07.2010;2.05;1.98;1.96
06.07.2010;2.05;1.98;1.96
05.07.2010;2.05;1.98;1.96
02.07.2010;2.05;1.98;1.96
01.07.2010;2.05;1.98;1.95
30.06.2010;2.07;2.03;2.02
29.06.2010;2.06;2.01;2
28.06.2010;2.07;2.03;2.02
25.06.2010;2.09;2.05;2.03
24.06.2010;2.09;2.04;2.02
23.06.2010;2.1;2.05;2.04
22.06.2010;2.12;2.07;2.06
21.06.2010;2.14;2.1;2.08
18.06.2010;2.12;2.08;2.06
17.06.2010;2.1;2.05;2.04
16.06.2010;2.1;2.05;2.04
15.06.2010;2.1;2.05;2.04
14.06.2010;2.08;2.03;2.01
11.06.2010;2.07;2.02;2
10.06.2010;2.09;2.04;2.02
09.06.2010;2.06;2.01;1.98
08.06.2010;2.01;1.96;1.94
07.06.2010;2.04;1.99;1.96
04.06.2010;2.05;2;1.98
03.06.2010;2.06;2.01;1.99
02.06.2010;2.03;1.99;1.97
01.06.2010;2.03;1.99;1.97
31.05.2010;2.02;1.97;1.95
28.05.2010;2.03;1.98;1.95
27.05.2010;2.02;1.97;1.95
26.05.2010;1.99;1.93;1.9
25.05.2010;1.93;1.87;1.84
21.05.2010;1.98;1.93;1.9
20.05.2010;2;1.95;1.93
19.05.2010;2.04;2;1.99
18.05.2010;2.06;2.01;2.01
17.05.2010;2.06;2.02;2.01
14.05.2010;2.09;2.04;2.04
12.05.2010;2.13;2.08;2.08
11.05.2010;2.14;2.09;2.09
10.05.2010;2.15;2.1;2.1
07.05.2010;2.15;2.09;2.06
06.05.2010;2.06;2.02;2.01
05.05.2010;2.08;2.03;2.03
04.05.2010;2.13;2.09;2.09
03.05.2010;2.18;2.14;2.14
30.04.2010;2.15;2.11;2.11
29.04.2010;2.16;2.11;2.11
28.04.2010;2.15;2.11;2.1
27.04.2010;2.13;2.09;2.09
26.04.2010;2.14;2.1;2.1
23.04.2010;2.15;2.1;2.11
22.04.2010;2.13;2.09;2.09
21.04.2010;2.15;2.11;2.11
20.04.2010;2.14;2.1;2.1
19.04.2010;2.13;2.09;2.09
16.04.2010;2.14;2.1;2.1
15.04.2010;2.17;2.13;2.13
14.04.2010;2.18;2.13;2.13
13.04.2010;2.19;2.14;2.14
12.04.2010;2.21;2.17;2.17
09.04.2010;2.2;2.16;2.16
08.04.2010;2.18;2.14;2.13
07.04.2010;2.2;2.16;2.15
06.04.2010;2.2;2.16;2.15
01.04.2010;2.17;2.12;2.11
31.03.2010;2.16;2.11;2.1
30.03.2010;2.18;2.13;2.12
29.03.2010;2.18;2.13;2.12
26.03.2010;2.19;2.14;2.13
25.03.2010;2.19;2.14;2.13
24.03.2010;2.19;2.14;2.13
23.03.2010;2.18;2.13;2.12
22.03.2010;2.19;2.14;2.13
19.03.2010;2.22;2.17;2.16
18.03.2010;2.21;2.16;2.15
17.03.2010;2.21;2.16;2.15
16.03.2010;2.23;2.18;2.17
15.03.2010;2.23;2.18;2.17
12.03.2010;2.24;2.19;2.18
11.03.2010;2.23;2.17;2.17
10.03.2010;2.23;2.18;2.17
09.03.2010;2.2;2.15;2.13
08.03.2010;2.2;2.15;2.13
05.03.2010;2.2;2.14;2.12
04.03.2010;2.2;2.14;2.12
03.03.2010;2.2;2.14;2.13
02.03.2010;2.18;2.12;2.1
01.03.2010;2.18;2.12;2.1
26.02.2010;2.19;2.13;2.11
25.02.2010;2.2;2.14;2.12
24.02.2010;2.21;2.15;2.13
23.02.2010;2.22;2.16;2.14
22.02.2010;2.25;2.18;2.16
19.02.2010;2.24;2.17;2.16
18.02.2010;2.21;2.14;2.13
17.02.2010;2.19;2.13;2.11
16.02.2010;2.22;2.15;2.13
15.02.2010;2.23;2.17;2.14
12.02.2010;2.24;2.18;2.16
11.02.2010;2.25;2.18;2.17
10.02.2010;2.26;2.19;2.17
09.02.2010;2.25;2.18;2.16
08.02.2010;2.26;2.19;2.17
05.02.2010;2.27;2.2;2.19
04.02.2010;2.28;2.22;2.2
03.02.2010;2.29;2.23;2.21
02.02.2010;2.3;2.24;2.22
01.02.2010;2.31;2.24;2.22
29.01.2010;2.31;2.25;2.23
28.01.2010;2.31;2.24;2.22
27.01.2010;2.33;2.26;2.24
26.01.2010;2.33;2.27;2.25
25.01.2010;2.34;2.27;2.25
22.01.2010;2.33;2.26;2.24
21.01.2010;2.33;2.26;2.25
20.01.2010;2.33;2.27;2.25
19.01.2010;2.36;2.3;2.28
18.01.2010;2.37;2.3;2.28
15.01.2010;2.37;2.3;2.29
14.01.2010;2.37;2.31;2.29
13.01.2010;2.38;2.31;2.3
12.01.2010;2.41;2.35;2.33
11.01.2010;2.44;2.37;2.36
08.01.2010;2.46;2.39;2.38
07.01.2010;2.46;2.39;2.38
06.01.2010;2.48;2.41;2.4
05.01.2010;2.49;2.41;2.4
04.01.2010;2.51;2.44;2.43
30.12.2009;2.53;2.45;2.43
29.12.2009;2.51;2.43;2.42
28.12.2009;2.5;2.42;2.4
23.12.2009;2.48;2.4;2.38
22.12.2009;2.48;2.4;2.38
21.12.2009;2.47;2.39;2.37
18.12.2009;2.46;2.38;2.36
17.12.2009;2.49;2.4;2.38
16.12.2009;2.51;2.43;2.41
15.12.2009;2.53;2.45;2.43
14.12.2009;2.52;2.43;2.41
11.12.2009;2.54;2.45;2.43
10.12.2009;2.52;2.43;2.4
09.12.2009;2.48;2.39;2.37
08.12.2009;2.46;2.37;2.34
07.12.2009;2.49;2.4;2.37
04.12.2009;2.51;2.42;2.39
03.12.2009;2.47;2.38;2.34
02.12.2009;2.45;2.36;2.32
01.12.2009;2.46;2.37;2.33
30.11.2009;2.46;2.38;2.3
27.11.2009;2.48;2.41;2.33
26.11.2009;2.43;2.35;2.28
25.11.2009;2.4;2.33;2.25
24.11.2009;2.38;2.3;2.23
23.11.2009;2.4;2.33;2.26
20.11.2009;2.4;2.33;2.26
19.11.2009;2.4;2.32;2.25
18.11.2009;2.39;2.32;2.25
17.11.2009;2.41;2.33;2.26
16.11.2009;2.41;2.34;2.27
13.11.2009;2.42;2.34;2.27
12.11.2009;2.42;2.34;2.27
11.11.2009;2.41;2.34;2.26
10.11.2009;2.43;2.35;2.27
09.11.2009;2.43;2.36;2.28
06.11.2009;2.45;2.37;2.29
05.11.2009;2.45;2.37;2.29
04.11.2009;2.49;2.41;2.34
03.11.2009;2.43;2.36;2.28
02.11.2009;2.43;2.36;2.28
30.10.2009;2.43;2.35;2.27
29.10.2009;2.44;2.37;2.29
28.10.2009;2.41;2.34;2.26
27.10.2009;2.43;2.35;2.28
26.10.2009;2.48;2.4;2.33
23.10.2009;2.48;2.41;2.34
22.10.2009;2.48;2.4;2.32
21.10.2009;2.49;2.41;2.34
20.10.2009;2.46;2.39;2.31
19.10.2009;2.49;2.41;2.33
16.10.2009;2.47;2.4;2.31
15.10.2009;2.44;2.37;2.29
14.10.2009;2.43;2.35;2.26
13.10.2009;2.42;2.35;2.25
12.10.2009;2.44;2.36;2.27
09.10.2009;2.45;2.37;2.28
08.10.2009;2.43;2.35;2.25
07.10.2009;2.43;2.35;2.26
06.10.2009;2.44;2.36;2.26
05.10.2009;2.44;2.35;2.26
02.10.2009;2.45;2.36;2.27
01.10.2009;2.45;2.37;2.28
30.09.2009;2.43;2.36;2.28
29.09.2009;2.44;2.37;2.29
28.09.2009;2.45;2.38;2.3
25.09.2009;2.46;2.39;2.31
24.09.2009;2.47;2.4;2.32
23.09.2009;2.51;2.44;2.36
22.09.2009;2.52;2.45;2.37
21.09.2009;2.51;2.44;2.36
18.09.2009;2.5;2.43;2.35
17.09.2009;2.52;2.45;2.36
16.09.2009;2.52;2.45;2.37
15.09.2009;2.53;2.46;2.37
14.09.2009;2.51;2.44;2.35
11.09.2009;2.51;2.44;2.35
10.09.2009;2.56;2.49;2.39
09.09.2009;2.57;2.49;2.4
08.09.2009;2.56;2.48;2.39
07.09.2009;2.56;2.48;2.38
04.09.2009;2.56;2.48;2.38
03.09.2009;2.56;2.48;2.38
02.09.2009;2.54;2.46;2.36
01.09.2009;2.55;2.48;2.38
31.08.2009;2.54;2.48;2.37
28.08.2009;2.54;2.47;2.36
27.08.2009;2.53;2.46;2.36
26.08.2009;2.55;2.48;2.37
25.08.2009;2.57;2.5;2.4
24.08.2009;2.6;2.54;2.43
21.08.2009;2.61;2.54;2.43
20.08.2009;2.58;2.51;2.39
19.08.2009;2.58;2.51;2.39
18.08.2009;2.61;2.54;2.43
17.08.2009;2.62;2.54;2.43
14.08.2009;2.64;2.57;2.45
13.08.2009;2.7;2.63;2.51
12.08.2009;2.74;2.67;2.55
11.08.2009;2.75;2.68;2.57
10.08.2009;2.82;2.75;2.63
07.08.2009;2.83;2.76;2.64
06.08.2009;2.8;2.73;2.61
05.08.2009;2.83;2.75;2.62
04.08.2009;2.83;2.76;2.63
03.08.2009;2.84;2.76;2.63
31.07.2009;2.85;2.77;2.62
30.07.2009;2.92;2.84;2.7
29.07.2009;2.94;2.85;2.71
28.07.2009;2.97;2.88;2.74
27.07.2009;3.03;2.94;2.8
24.07.2009;3.02;2.93;2.79
23.07.2009;3.05;2.96;2.81
22.07.2009;3.05;2.96;2.82
21.07.2009;3.1;3.01;2.88
20.07.2009;3.18;3.1;2.96
17.07.2009;3.18;3.1;2.96
16.07.2009;3.19;3.1;2.96
15.07.2009;3.24;3.15;3.01
14.07.2009;3.24;3.15;3
13.07.2009;3.23;3.14;2.98
10.07.2009;3.26;3.17;3.02
09.07.2009;3.27;3.18;3.03
08.07.2009;3.28;3.19;3.04
07.07.2009;3.29;3.2;3.05
06.07.2009;3.3;3.21;3.06
03.07.2009;3.31;3.22;3.07
02.07.2009;3.32;3.24;3.08
01.07.2009;3.38;3.29;3.15
30.06.2009;3.37;3.29;3.13
29.06.2009;3.38;3.29;3.13
26.06.2009;3.39;3.31;3.14
25.06.2009;3.42;3.33;3.17
24.06.2009;3.43;3.35;3.19
23.06.2009;3.45;3.36;3.2
22.06.2009;3.42;3.34;3.18
19.06.2009;3.43;3.35;3.19
18.06.2009;3.41;3.33;3.17
17.06.2009;3.41;3.33;3.17
16.06.2009;3.46;3.37;3.21
15.06.2009;3.47;3.39;3.23
12.06.2009;3.52;3.44;3.28
11.06.2009;3.56;3.48;3.32
10.06.2009;3.57;3.48;3.32
09.06.2009;3.57;3.49;3.31
08.06.2009;3.6;3.52;3.35
05.06.2009;3.62;3.53;3.36
04.06.2009;3.57;3.48;3.31
03.06.2009;3.57;3.49;3.31
02.06.2009;3.62;3.54;3.35
29.05.2009;3.64;3.61;3.36
28.05.2009;3.65;3.62;3.38
27.05.2009;3.63;3.6;3.35
26.05.2009;3.62;3.59;3.34
25.05.2009;3.64;3.6;3.35
22.05.2009;3.64;3.61;3.36
20.05.2009;3.59;3.56;3.31
19.05.2009;3.6;3.57;3.3
18.05.2009;3.58;3.54;3.27
15.05.2009;3.61;3.58;3.3
14.05.2009;3.62;3.58;3.3
13.05.2009;3.65;3.61;3.34
12.05.2009;3.73;3.7;3.42
11.05.2009;3.77;3.74;3.47
08.05.2009;3.84;3.8;3.53
07.05.2009;3.88;3.84;3.55
06.05.2009;3.9;3.86;3.55
05.05.2009;3.93;3.89;3.58
04.05.2009;3.98;3.95;3.62
30.04.2009;3.95;3.94;3.56
29.04.2009;3.97;3.96;3.57
28.04.2009;3.98;3.96;3.58
27.04.2009;3.98;3.97;3.59
24.04.2009;4.01;3.99;3.62
23.04.2009;4.03;4.02;3.64
22.04.2009;4.04;4.03;3.65
21.04.2009;4.04;4.02;3.64
20.04.2009;4.07;4.06;3.67
17.04.2009;4.11;4.09;3.71
16.04.2009;4.15;4.13;3.74
15.04.2009;4.15;4.14;3.74
14.04.2009;4.2;4.18;3.79
09.04.2009;4.23;4.22;3.81
08.04.2009;4.25;4.23;3.83
07.04.2009;4.31;4.29;3.89
06.04.2009;4.32;4.3;3.9
03.04.2009;4.33;4.31;3.91
02.04.2009;4.3;4.28;3.87
01.04.2009;4.29;4.27;3.86
31.03.2009;4.32;4.3;3.94
30.03.2009;4.42;4.4;4.04
27.03.2009;4.43;4.41;4.05
26.03.2009;4.47;4.46;4.1
25.03.2009;4.46;4.44;4.08
24.03.2009;4.53;4.51;4.15
23.03.2009;4.51;4.49;4.13
20.03.2009;4.5;4.48;4.1
19.03.2009;4.49;4.47;4.1
18.03.2009;4.53;4.51;4.13
17.03.2009;4.53;4.5;4.12
16.03.2009;4.53;4.5;4.11
13.03.2009;4.51;4.49;4.09
12.03.2009;4.53;4.51;4.11
11.03.2009;4.56;4.54;4.15
10.03.2009;4.61;4.59;4.19
09.03.2009;4.61;4.59;4.21
06.03.2009;4.51;4.49;4.11
05.03.2009;4.46;4.44;4.09
04.03.2009;4.39;4.37;4.04
03.03.2009;4.27;4.25;3.92
02.03.2009;4.19;4.17;3.83
27.02.2009;4.19;4.15;3.82
26.02.2009;4.22;4.19;3.85
25.02.2009;4.1;4.07;3.72
24.02.2009;4.08;4.05;3.66
23.02.2009;3.94;3.9;3.56
20.02.2009;3.85;3.81;3.49
19.02.2009;3.82;3.79;3.49
18.02.2009;3.73;3.69;3.39
17.02.2009;3.69;3.65;3.35
16.02.2009;3.66;3.62;3.33
13.02.2009;3.67;3.64;3.34
12.02.2009;3.62;3.59;3.29
11.02.2009;3.69;3.65;3.36
10.02.2009;3.74;3.71;3.42
09.02.2009;3.77;3.74;3.44
06.02.2009;3.74;3.71;3.4
05.02.2009;3.75;3.72;3.41
04.02.2009;3.76;3.73;3.42
03.02.2009;3.74;3.7;3.39
02.02.2009;3.75;3.71;3.4
30.01.2009;3.74;3.71;3.45
29.01.2009;3.74;3.71;3.45
28.01.2009;3.75;3.72;3.45
27.01.2009;3.81;3.77;3.5
26.01.2009;3.82;3.78;3.52
23.01.2009;3.75;3.71;3.45
22.01.2009;3.74;3.69;3.44
21.01.2009;3.75;3.7;3.46
20.01.2009;3.76;3.72;3.48
19.01.2009;3.78;3.74;3.5
16.01.2009;3.7;3.65;3.41
15.01.2009;3.65;3.61;3.37
14.01.2009;3.63;3.59;3.35
13.01.2009;3.64;3.6;3.37
12.01.2009;3.66;3.62;3.38
09.01.2009;3.72;3.68;3.44
08.01.2009;3.82;3.78;3.55
07.01.2009;3.88;3.85;3.6
06.01.2009;3.86;3.82;3.56
05.01.2009;3.89;3.85;3.57
30.12.2008;3.82;3.77;3.52
29.12.2008;3.9;3.86;3.6
23.12.2008;3.91;3.87;3.61
22.12.2008;3.93;3.89;3.63
19.12.2008;3.93;3.89;3.63
18.12.2008;3.87;3.83;3.56
17.12.2008;3.87;3.83;3.56
16.12.2008;3.93;3.89;3.62
15.12.2008;3.97;3.93;3.65
12.12.2008;3.98;3.94;3.67
11.12.2008;4;3.96;3.69
10.12.2008;4.02;3.97;3.71
09.12.2008;4.04;3.99;3.72
08.12.2008;3.99;3.94;3.66
05.12.2008;3.94;3.89;3.61
04.12.2008;3.95;3.9;3.62
03.12.2008;3.91;3.87;3.59
02.12.2008;3.97;3.93;3.65
01.12.2008;3.99;3.95;3.67
28.11.2008;3.88;3.83;3.58
27.11.2008;3.99;3.94;3.67
26.11.2008;4;3.95;3.68
25.11.2008;4.03;3.97;3.7
24.11.2008;4.07;4.01;3.74
21.11.2008;4.06;4;3.73
20.11.2008;4.11;4.05;3.79
19.11.2008;4.26;4.21;3.94
18.11.2008;4.28;4.23;3.97
17.11.2008;4.33;4.28;4.03
14.11.2008;4.36;4.31;4.06
13.11.2008;4.37;4.32;4.07
12.11.2008;4.34;4.28;4.04
11.11.2008;4.42;4.38;4.14
10.11.2008;4.44;4.4;4.16
07.11.2008;4.52;4.47;4.24
06.11.2008;4.59;4.54;4.3
05.11.2008;4.69;4.65;4.4
04.11.2008;4.74;4.7;4.44
03.11.2008;4.8;4.74;4.49
31.10.2008;4.71;4.66;4.57
30.10.2008;4.82;4.75;4.66
29.10.2008;4.84;4.76;4.66
28.10.2008;4.8;4.71;4.62
27.10.2008;4.77;4.69;4.6
24.10.2008;4.72;4.65;4.55
23.10.2008;4.64;4.57;4.48
22.10.2008;4.6;4.54;4.46
21.10.2008;4.66;4.6;4.53
20.10.2008;4.7;4.65;4.57
17.10.2008;4.68;4.63;4.55
16.10.2008;4.7;4.65;4.57
15.10.2008;4.63;4.58;4.5
14.10.2008;4.61;4.56;4.5
13.10.2008;4.83;4.77;4.68
10.10.2008;4.91;4.85;4.75
09.10.2008;4.65;4.6;4.5
08.10.2008;4.58;4.53;4.42
07.10.2008;4.46;4.42;4.35
06.10.2008;4.42;4.39;4.25
03.10.2008;4.34;4.31;4.2
02.10.2008;4.34;4.31;4.17
01.10.2008;4.27;4.24;4.11
30.09.2008;4.26;4.22;4.08
29.09.2008;4.21;4.18;4.05
26.09.2008;4.24;4.21;4.08
25.09.2008;4.26;4.23;4.1
24.09.2008;4.23;4.2;4.08
23.09.2008;4.2;4.18;4.06
22.09.2008;4.21;4.19;4.09
19.09.2008;4.16;4.14;4.02
18.09.2008;4.24;4.21;4.08
17.09.2008;4.07;4.05;3.92
16.09.2008;3.94;3.91;3.78
15.09.2008;3.75;3.72;3.64
12.09.2008;3.61;3.59;3.52
11.09.2008;3.58;3.55;3.49
10.09.2008;3.57;3.55;3.49
09.09.2008;3.55;3.53;3.47
08.09.2008;3.55;3.53;3.47
05.09.2008;3.53;3.51;3.45
04.09.2008;3.59;3.57;3.51
03.09.2008;3.62;3.6;3.54
02.09.2008;3.63;3.61;3.56
01.09.2008;3.62;3.6;3.54
29.08.2008;3.62;3.61;3.55
28.08.2008;3.65;3.64;3.58
27.08.2008;3.65;3.64;3.58
26.08.2008;3.59;3.58;3.52
25.08.2008;3.63;3.62;3.56
22.08.2008;3.65;3.64;3.58
21.08.2008;3.59;3.58;3.52
20.08.2008;3.54;3.53;3.47
19.08.2008;3.56;3.55;3.49
18.08.2008;3.59;3.57;3.51
15.08.2008;3.6;3.59;3.53
14.08.2008;3.62;3.6;3.54
13.08.2008;3.6;3.59;3.53
12.08.2008;3.67;3.65;3.59
11.08.2008;3.72;3.7;3.64
08.08.2008;3.71;3.69;3.63
07.08.2008;3.73;3.72;3.66
06.08.2008;3.76;3.74;3.67
05.08.2008;3.75;3.73;3.67
04.08.2008;3.76;3.74;3.68
31.07.2008;3.76;3.76;3.68
30.07.2008;3.85;3.84;3.77
29.07.2008;3.9;3.89;3.82
28.07.2008;3.92;3.91;3.85
25.07.2008;3.93;3.93;3.86
24.07.2008;3.94;3.92;3.86
23.07.2008;4.01;3.99;3.93
22.07.2008;4.01;4;3.93
21.07.2008;3.99;3.98;3.91
18.07.2008;3.99;3.97;3.9
17.07.2008;3.89;3.88;3.8
16.07.2008;3.89;3.87;3.8
15.07.2008;3.86;3.85;3.78
14.07.2008;3.87;3.86;3.79
11.07.2008;3.88;3.87;3.8
10.07.2008;3.86;3.85;3.79
09.07.2008;3.93;3.92;3.85
08.07.2008;3.94;3.93;3.87
07.07.2008;3.95;3.93;3.87
04.07.2008;4;3.99;3.93
03.07.2008;4.02;4.01;3.94
02.07.2008;4.02;4.01;3.95
01.07.2008;4;3.99;3.93
30.06.2008;4.02;4.01;3.96
27.06.2008;4.02;4.01;3.96
26.06.2008;4;3.99;3.93
25.06.2008;4.03;4.02;3.97
24.06.2008;4;3.99;3.93
23.06.2008;3.98;3.98;3.92
20.06.2008;4.01;4;3.95
19.06.2008;4.04;4.03;3.99
18.06.2008;4.01;4.01;3.96
17.06.2008;4.02;4.02;3.97
16.06.2008;4.04;4.03;3.98
13.06.2008;4.04;4.04;3.99
12.06.2008;4.04;4.03;3.98
11.06.2008;4.01;4;3.94
10.06.2008;4.04;4.03;3.97
09.06.2008;4.02;4.02;3.96
06.06.2008;3.94;3.93;3.88
05.06.2008;3.92;3.91;3.86
04.06.2008;3.83;3.82;3.77
03.06.2008;3.86;3.85;3.81
02.06.2008;3.82;3.81;3.76
30.05.2008;3.81;3.81;3.78
29.05.2008;3.86;3.85;3.82
28.05.2008;3.81;3.81;3.78
27.05.2008;3.79;3.79;3.76
26.05.2008;3.77;3.76;3.73
23.05.2008;3.74;3.74;3.71
22.05.2008;3.74;3.74;3.71
21.05.2008;3.72;3.71;3.68
20.05.2008;3.69;3.68;3.66
19.05.2008;3.72;3.71;3.69
16.05.2008;3.7;3.7;3.67
15.05.2008;3.75;3.73;3.71
14.05.2008;3.72;3.71;3.68
13.05.2008;3.68;3.67;3.64
09.05.2008;3.64;3.63;3.6
08.05.2008;3.65;3.64;3.61
07.05.2008;3.71;3.69;3.67
06.05.2008;3.67;3.66;3.63
05.05.2008;3.72;3.71;3.68
02.05.2008;3.75;3.74;3.71
30.04.2008;3.74;3.73;3.7
29.04.2008;3.79;3.78;3.76
28.04.2008;3.82;3.81;3.79
25.04.2008;3.82;3.81;3.78
24.04.2008;3.78;3.77;3.74
23.04.2008;3.78;3.77;3.74
22.04.2008;3.82;3.81;3.78
21.04.2008;3.81;3.8;3.77
18.04.2008;3.85;3.84;3.81
17.04.2008;3.76;3.75;3.72
16.04.2008;3.71;3.7;3.67
15.04.2008;3.68;3.67;3.64
14.04.2008;3.63;3.62;3.59
11.04.2008;3.62;3.61;3.58
10.04.2008;3.65;3.64;3.6
09.04.2008;3.69;3.67;3.64
08.04.2008;3.69;3.67;3.64
07.04.2008;3.69;3.68;3.64
04.04.2008;3.66;3.64;3.61
03.04.2008;3.67;3.66;3.63
02.04.2008;3.71;3.69;3.65
01.04.2008;3.74;3.72;3.69
31.03.2008;3.69;3.68;3.65
28.03.2008;3.73;3.72;3.68
27.03.2008;3.71;3.7;3.67
26.03.2008;3.71;3.7;3.67
25.03.2008;3.67;3.66;3.63
20.03.2008;3.63;3.62;3.58
19.03.2008;3.67;3.65;3.62
18.03.2008;3.68;3.67;3.63
17.03.2008;3.65;3.64;3.6
14.03.2008;3.6;3.59;3.55
13.03.2008;3.59;3.57;3.54
12.03.2008;3.59;3.58;3.54
11.03.2008;3.58;3.57;3.54
10.03.2008;3.53;3.52;3.49
07.03.2008;3.53;3.52;3.5
06.03.2008;3.51;3.5;3.48
05.03.2008;3.48;3.48;3.46
04.03.2008;3.42;3.41;3.41
03.03.2008;3.43;3.43;3.41
29.02.2008;3.44;3.42;3.41
28.02.2008;3.49;3.48;3.46
27.02.2008;3.53;3.52;3.5
26.02.2008;3.53;3.51;3.5
25.02.2008;3.51;3.5;3.48
22.02.2008;3.48;3.47;3.44
21.02.2008;3.51;3.49;3.47
20.02.2008;3.5;3.48;3.46
19.02.2008;3.47;3.45;3.43
18.02.2008;3.47;3.46;3.44
15.02.2008;3.43;3.41;3.39
14.02.2008;3.44;3.42;3.4
13.02.2008;3.4;3.39;3.37
12.02.2008;3.37;3.36;3.34
11.02.2008;3.32;3.31;3.28
08.02.2008;3.31;3.3;3.28
07.02.2008;3.31;3.3;3.28
06.02.2008;3.35;3.34;3.32
05.02.2008;3.34;3.33;3.3
04.02.2008;3.4;3.39;3.37
01.02.2008;3.39;3.38;3.36
31.01.2008;3.38;3.37;3.35
30.01.2008;3.41;3.4;3.39
29.01.2008;3.37;3.36;3.35
28.01.2008;3.32;3.31;3.3
25.01.2008;3.32;3.31;3.29
24.01.2008;3.29;3.29;3.27
23.01.2008;3.22;3.21;3.19
22.01.2008;3.29;3.28;3.27
21.01.2008;3.2;3.2;3.18
18.01.2008;3.25;3.24;3.23
17.01.2008;3.23;3.22;3.21
16.01.2008;3.23;3.22;3.21
15.01.2008;3.27;3.27;3.26
14.01.2008;3.31;3.3;3.29
11.01.2008;3.35;3.34;3.33
10.01.2008;3.34;3.33;3.32
09.01.2008;3.32;3.32;3.31
08.01.2008;3.37;3.37;3.35
07.01.2008;3.35;3.35;3.34
04.01.2008;3.36;3.36;3.34
03.01.2008;3.32;3.32;3.3
