ISIN;CH0032980341;CH0032980408;CH0032980754
SYMBOL;SFG14Y;SFG13Y;SFG12Y
NAME;SBI For Gov AAA-BBB Y;SBI For Gov AAA-A Y;SBI For Gov AAA-AA Y
INDEX TYPE;Yield;Yield;Yield
DATE;Close;Close;Close
19.01.2021;-0.23;-0.23;-0.26
18.01.2021;-0.23;-0.23;-0.26
15.01.2021;-0.23;-0.23;-0.26
14.01.2021;-0.23;-0.23;-0.27
13.01.2021;-0.22;-0.22;-0.26
12.01.2021;-0.2;-0.2;-0.24
11.01.2021;-0.23;-0.23;-0.26
08.01.2021;-0.24;-0.24;-0.28
07.01.2021;-0.23;-0.23;-0.26
06.01.2021;-0.21;-0.21;-0.25
05.01.2021;-0.22;-0.22;-0.26
04.01.2021;-0.22;-0.22;-0.26
30.12.2020;-0.2;-0.2;-0.24
29.12.2020;-0.19;-0.19;-0.23
28.12.2020;-0.18;-0.18;-0.21
23.12.2020;-0.17;-0.17;-0.21
22.12.2020;-0.2;-0.19;-0.23
21.12.2020;-0.2;-0.2;-0.23
18.12.2020;-0.2;-0.2;-0.24
17.12.2020;-0.2;-0.2;-0.24
16.12.2020;-0.2;-0.2;-0.23
15.12.2020;-0.22;-0.22;-0.25
14.12.2020;-0.22;-0.22;-0.25
11.12.2020;-0.22;-0.22;-0.26
10.12.2020;-0.2;-0.2;-0.24
09.12.2020;-0.2;-0.2;-0.23
08.12.2020;-0.19;-0.19;-0.23
07.12.2020;-0.18;-0.18;-0.22
04.12.2020;-0.17;-0.17;-0.2
03.12.2020;-0.17;-0.17;-0.2
02.12.2020;-0.16;-0.16;-0.2
01.12.2020;-0.17;-0.17;-0.21
30.11.2020;-0.18;-0.18;-0.21
27.11.2020;-0.16;-0.16;-0.2
26.11.2020;-0.16;-0.16;-0.2
25.11.2020;-0.16;-0.15;-0.19
24.11.2020;-0.17;-0.17;-0.2
23.11.2020;-0.17;-0.17;-0.21
20.11.2020;-0.17;-0.17;-0.21
19.11.2020;-0.17;-0.17;-0.21
18.11.2020;-0.16;-0.16;-0.2
17.11.2020;-0.16;-0.16;-0.2
16.11.2020;-0.16;-0.16;-0.2
13.11.2020;-0.17;-0.17;-0.21
12.11.2020;-0.15;-0.15;-0.19
11.11.2020;-0.13;-0.13;-0.17
10.11.2020;-0.13;-0.13;-0.17
09.11.2020;-0.16;-0.15;-0.19
06.11.2020;-0.2;-0.2;-0.24
05.11.2020;-0.21;-0.21;-0.24
04.11.2020;-0.2;-0.2;-0.24
03.11.2020;-0.19;-0.19;-0.23
02.11.2020;-0.21;-0.21;-0.24
30.10.2020;-0.22;-0.22;-0.26
29.10.2020;-0.23;-0.23;-0.27
28.10.2020;-0.23;-0.23;-0.26
27.10.2020;-0.21;-0.21;-0.25
26.10.2020;-0.2;-0.2;-0.23
23.10.2020;-0.2;-0.19;-0.23
22.10.2020;-0.21;-0.21;-0.24
21.10.2020;-0.21;-0.21;-0.25
20.10.2020;-0.22;-0.22;-0.26
19.10.2020;-0.23;-0.23;-0.26
16.10.2020;-0.24;-0.24;-0.27
15.10.2020;-0.24;-0.24;-0.27
14.10.2020;-0.22;-0.22;-0.25
13.10.2020;-0.21;-0.21;-0.25
12.10.2020;-0.21;-0.21;-0.24
09.10.2020;-0.21;-0.21;-0.24
08.10.2020;-0.2;-0.2;-0.23
07.10.2020;-0.18;-0.18;-0.21
06.10.2020;-0.19;-0.19;-0.23
05.10.2020;-0.2;-0.2;-0.23
02.10.2020;-0.21;-0.21;-0.24
01.10.2020;-0.19;-0.19;-0.22
30.09.2020;-0.21;-0.21;-0.24
29.09.2020;-0.22;-0.22;-0.25
28.09.2020;-0.2;-0.2;-0.23
25.09.2020;-0.21;-0.2;-0.23
24.09.2020;-0.2;-0.2;-0.23
23.09.2020;-0.21;-0.21;-0.24
22.09.2020;-0.2;-0.2;-0.23
21.09.2020;-0.22;-0.22;-0.25
18.09.2020;-0.19;-0.19;-0.22
17.09.2020;-0.19;-0.19;-0.22
16.09.2020;-0.18;-0.18;-0.21
15.09.2020;-0.18;-0.18;-0.21
14.09.2020;-0.18;-0.17;-0.21
11.09.2020;-0.17;-0.16;-0.2
10.09.2020;-0.14;-0.13;-0.17
09.09.2020;-0.15;-0.15;-0.18
08.09.2020;-0.17;-0.17;-0.2
07.09.2020;-0.16;-0.16;-0.19
04.09.2020;-0.17;-0.17;-0.2
03.09.2020;-0.18;-0.18;-0.21
02.09.2020;-0.15;-0.15;-0.19
01.09.2020;-0.09;-0.09;-0.12
31.08.2020;-0.09;-0.09;-0.11
28.08.2020;-0.07;-0.07;-0.1
27.08.2020;-0.07;-0.07;-0.1
26.08.2020;-0.08;-0.08;-0.11
25.08.2020;-0.08;-0.08;-0.11
24.08.2020;-0.14;-0.14;-0.17
21.08.2020;-0.15;-0.15;-0.18
20.08.2020;-0.14;-0.14;-0.17
19.08.2020;-0.14;-0.14;-0.17
18.08.2020;-0.13;-0.13;-0.16
17.08.2020;-0.12;-0.12;-0.15
14.08.2020;-0.11;-0.11;-0.14
13.08.2020;-0.1;-0.1;-0.13
12.08.2020;-0.11;-0.1;-0.13
11.08.2020;-0.13;-0.13;-0.16
10.08.2020;-0.17;-0.17;-0.19
07.08.2020;-0.14;-0.14;-0.17
06.08.2020;-0.14;-0.14;-0.17
05.08.2020;-0.12;-0.12;-0.15
04.08.2020;-0.15;-0.15;-0.18
03.08.2020;-0.16;-0.16;-0.19
31.07.2020;-0.17;-0.17;-0.2
30.07.2020;-0.18;-0.18;-0.2
29.07.2020;-0.16;-0.16;-0.19
28.07.2020;-0.17;-0.17;-0.2
27.07.2020;-0.15;-0.15;-0.18
24.07.2020;-0.13;-0.13;-0.16
23.07.2020;-0.15;-0.15;-0.18
22.07.2020;-0.15;-0.14;-0.18
21.07.2020;-0.11;-0.11;-0.14
20.07.2020;-0.1;-0.1;-0.13
17.07.2020;-0.11;-0.11;-0.14
16.07.2020;-0.12;-0.12;-0.16
15.07.2020;-0.1;-0.1;-0.14
14.07.2020;-0.1;-0.1;-0.13
13.07.2020;-0.09;-0.09;-0.12
10.07.2020;-0.13;-0.13;-0.17
09.07.2020;-0.11;-0.11;-0.14
08.07.2020;-0.08;-0.08;-0.12
07.07.2020;-0.07;-0.07;-0.1
06.07.2020;-0.07;-0.07;-0.11
03.07.2020;-0.08;-0.07;-0.11
02.07.2020;-0.08;-0.08;-0.11
01.07.2020;-0.07;-0.07;-0.1
30.06.2020;-0.11;-0.11;-0.14
29.06.2020;-0.1;-0.1;-0.14
26.06.2020;-0.1;-0.1;-0.13
25.06.2020;-0.1;-0.09;-0.13
24.06.2020;-0.07;-0.07;-0.1
23.06.2020;-0.07;-0.07;-0.11
22.06.2020;-0.09;-0.09;-0.13
19.06.2020;-0.09;-0.09;-0.12
18.06.2020;-0.09;-0.09;-0.13
17.06.2020;-0.08;-0.08;-0.11
16.06.2020;-0.07;-0.07;-0.11
15.06.2020;-0.08;-0.08;-0.11
12.06.2020;-0.07;-0.07;-0.11
11.06.2020;-0.07;-0.07;-0.1
10.06.2020;-0.02;-0.02;-0.06
09.06.2020;-0.03;-0.03;-0.06
08.06.2020;0.01;0.01;-0.03
05.06.2020;0.03;0.03;-0.01
04.06.2020;0.01;0.01;-0.03
03.06.2020;-0.02;-0.01;-0.06
02.06.2020;-0.05;-0.05;-0.09
29.05.2020;-0.08;-0.08;-0.12
28.05.2020;-0.06;-0.06;-0.1
27.05.2020;-0.06;-0.06;-0.11
26.05.2020;-0.07;-0.07;-0.11
25.05.2020;-0.1;-0.11;-0.15
22.05.2020;-0.11;-0.11;-0.15
20.05.2020;-0.1;-0.1;-0.14
19.05.2020;-0.1;-0.1;-0.14
18.05.2020;-0.12;-0.12;-0.16
15.05.2020;-0.12;-0.12;-0.16
14.05.2020;-0.11;-0.11;-0.15
13.05.2020;-0.11;-0.12;-0.15
12.05.2020;-0.1;-0.1;-0.14
11.05.2020;-0.08;-0.08;-0.12
08.05.2020;-0.08;-0.08;-0.12
07.05.2020;-0.08;-0.08;-0.12
06.05.2020;-0.06;-0.06;-0.1
05.05.2020;-0.07;-0.07;-0.11
04.05.2020;-0.05;-0.05;-0.09
30.04.2020;-0.05;-0.06;-0.09
29.04.2020;0;0;-0.04
28.04.2020;0;0;-0.04
27.04.2020;0.01;0.01;-0.03
24.04.2020;0.03;0.03;0
23.04.2020;0.07;0.06;0.03
22.04.2020;0.07;0.07;0.03
21.04.2020;0.04;0.04;0
20.04.2020;0.04;0.04;0.01
17.04.2020;0.05;0.04;0.01
16.04.2020;0.07;0.06;0.03
15.04.2020;0.09;0.09;0.05
14.04.2020;0.14;0.14;0.09
09.04.2020;0.18;0.17;0.13
08.04.2020;0.24;0.23;0.19
07.04.2020;0.27;0.27;0.23
06.04.2020;0.24;0.24;0.19
03.04.2020;0.24;0.23;0.19
02.04.2020;0.24;0.24;0.19
01.04.2020;0.23;0.23;0.19
31.03.2020;0.2;0.2;0.16
30.03.2020;0.21;0.2;0.16
27.03.2020;0.29;0.28;0.24
26.03.2020;0.31;0.3;0.26
25.03.2020;0.3;0.3;0.28
24.03.2020;0.32;0.31;0.3
23.03.2020;0.27;0.27;0.25
20.03.2020;0.23;0.22;0.21
19.03.2020;0.29;0.29;0.27
18.03.2020;0.32;0.32;0.29
17.03.2020;0.18;0.18;0.15
16.03.2020;0.13;0.13;0.1
13.03.2020;-0.03;-0.03;-0.05
12.03.2020;-0.32;-0.32;-0.34
11.03.2020;-0.34;-0.34;-0.36
10.03.2020;-0.36;-0.36;-0.38
09.03.2020;-0.26;-0.26;-0.28
06.03.2020;-0.44;-0.44;-0.47
05.03.2020;-0.46;-0.46;-0.48
04.03.2020;-0.44;-0.44;-0.46
03.03.2020;-0.48;-0.48;-0.5
02.03.2020;-0.53;-0.53;-0.55
28.02.2020;-0.5;-0.5;-0.52
27.02.2020;-0.48;-0.48;-0.51
26.02.2020;-0.46;-0.46;-0.49
25.02.2020;-0.47;-0.47;-0.5
24.02.2020;-0.46;-0.46;-0.49
21.02.2020;-0.44;-0.44;-0.46
20.02.2020;-0.43;-0.43;-0.45
19.02.2020;-0.41;-0.41;-0.43
18.02.2020;-0.4;-0.4;-0.42
17.02.2020;-0.38;-0.38;-0.4
14.02.2020;-0.38;-0.38;-0.4
13.02.2020;-0.37;-0.37;-0.4
12.02.2020;-0.36;-0.36;-0.38
11.02.2020;-0.36;-0.36;-0.38
10.02.2020;-0.36;-0.36;-0.39
07.02.2020;-0.34;-0.34;-0.37
06.02.2020;-0.31;-0.31;-0.34
05.02.2020;-0.33;-0.33;-0.35
04.02.2020;-0.36;-0.36;-0.38
03.02.2020;-0.38;-0.38;-0.4
31.01.2020;-0.38;-0.38;-0.41
30.01.2020;-0.36;-0.37;-0.39
29.01.2020;-0.35;-0.35;-0.38
28.01.2020;-0.35;-0.35;-0.37
27.01.2020;-0.38;-0.38;-0.4
24.01.2020;-0.33;-0.33;-0.36
23.01.2020;-0.31;-0.32;-0.34
22.01.2020;-0.3;-0.3;-0.32
21.01.2020;-0.29;-0.29;-0.32
20.01.2020;-0.24;-0.24;-0.27
17.01.2020;-0.24;-0.24;-0.27
16.01.2020;-0.25;-0.25;-0.27
15.01.2020;-0.22;-0.22;-0.25
14.01.2020;-0.19;-0.19;-0.22
13.01.2020;-0.18;-0.18;-0.21
10.01.2020;-0.19;-0.19;-0.22
09.01.2020;-0.2;-0.2;-0.22
08.01.2020;-0.23;-0.23;-0.26
07.01.2020;-0.24;-0.24;-0.27
06.01.2020;-0.24;-0.24;-0.27
03.01.2020;-0.22;-0.22;-0.25
30.12.2019;-0.16;-0.16;-0.18
27.12.2019;-0.19;-0.2;-0.21
23.12.2019;-0.19;-0.2;-0.21
20.12.2019;-0.2;-0.2;-0.22
19.12.2019;-0.2;-0.2;-0.22
18.12.2019;-0.23;-0.23;-0.25
17.12.2019;-0.25;-0.25;-0.27
16.12.2019;-0.26;-0.26;-0.28
13.12.2019;-0.25;-0.25;-0.27
12.12.2019;-0.25;-0.25;-0.27
11.12.2019;-0.28;-0.28;-0.3
10.12.2019;-0.27;-0.27;-0.29
09.12.2019;-0.29;-0.29;-0.31
06.12.2019;-0.28;-0.28;-0.3
05.12.2019;-0.28;-0.28;-0.3
04.12.2019;-0.31;-0.31;-0.33
03.12.2019;-0.31;-0.32;-0.33
02.12.2019;-0.26;-0.26;-0.28
29.11.2019;-0.3;-0.3;-0.32
28.11.2019;-0.31;-0.31;-0.33
27.11.2019;-0.31;-0.31;-0.33
26.11.2019;-0.3;-0.3;-0.32
25.11.2019;-0.28;-0.28;-0.3
22.11.2019;-0.28;-0.28;-0.3
21.11.2019;-0.25;-0.25;-0.27
20.11.2019;-0.27;-0.27;-0.29
19.11.2019;-0.23;-0.23;-0.25
18.11.2019;-0.22;-0.22;-0.24
15.11.2019;-0.19;-0.19;-0.21
14.11.2019;-0.19;-0.19;-0.21
13.11.2019;-0.17;-0.18;-0.19
12.11.2019;-0.12;-0.12;-0.14
11.11.2019;-0.12;-0.12;-0.14
08.11.2019;-0.11;-0.11;-0.13
07.11.2019;-0.11;-0.11;-0.13
06.11.2019;-0.14;-0.15;-0.17
05.11.2019;-0.15;-0.15;-0.17
04.11.2019;-0.18;-0.18;-0.2
01.11.2019;-0.2;-0.2;-0.22
31.10.2019;-0.21;-0.22;-0.24
30.10.2019;-0.18;-0.18;-0.2
29.10.2019;-0.17;-0.17;-0.19
28.10.2019;-0.17;-0.17;-0.19
25.10.2019;-0.21;-0.21;-0.23
24.10.2019;-0.23;-0.23;-0.25
23.10.2019;-0.23;-0.23;-0.25
22.10.2019;-0.21;-0.21;-0.23
21.10.2019;-0.2;-0.2;-0.22
18.10.2019;-0.23;-0.23;-0.25
17.10.2019;-0.22;-0.22;-0.24
16.10.2019;-0.22;-0.22;-0.24
15.10.2019;-0.25;-0.25;-0.27
14.10.2019;-0.29;-0.29;-0.31
11.10.2019;-0.28;-0.28;-0.3
10.10.2019;-0.33;-0.33;-0.35
09.10.2019;-0.38;-0.38;-0.4
08.10.2019;-0.41;-0.41;-0.43
07.10.2019;-0.42;-0.42;-0.43
04.10.2019;-0.42;-0.42;-0.44
03.10.2019;-0.39;-0.4;-0.41
02.10.2019;-0.37;-0.37;-0.39
01.10.2019;-0.37;-0.37;-0.39
30.09.2019;-0.39;-0.39;-0.41
27.09.2019;-0.4;-0.4;-0.42
26.09.2019;-0.41;-0.41;-0.43
25.09.2019;-0.43;-0.43;-0.45
24.09.2019;-0.43;-0.43;-0.45
23.09.2019;-0.44;-0.44;-0.46
20.09.2019;-0.38;-0.38;-0.4
19.09.2019;-0.35;-0.35;-0.38
18.09.2019;-0.37;-0.38;-0.4
17.09.2019;-0.34;-0.34;-0.37
16.09.2019;-0.31;-0.32;-0.34
13.09.2019;-0.29;-0.29;-0.32
12.09.2019;-0.36;-0.36;-0.39
11.09.2019;-0.41;-0.41;-0.44
10.09.2019;-0.45;-0.45;-0.48
09.09.2019;-0.46;-0.46;-0.49
06.09.2019;-0.5;-0.5;-0.52
05.09.2019;-0.49;-0.49;-0.52
04.09.2019;-0.54;-0.54;-0.56
03.09.2019;-0.58;-0.58;-0.6
02.09.2019;-0.57;-0.58;-0.6
30.08.2019;-0.6;-0.6;-0.62
29.08.2019;-0.59;-0.59;-0.62
28.08.2019;-0.62;-0.62;-0.65
27.08.2019;-0.57;-0.57;-0.59
26.08.2019;-0.54;-0.54;-0.57
23.08.2019;-0.51;-0.51;-0.53
22.08.2019;-0.51;-0.51;-0.54
21.08.2019;-0.57;-0.57;-0.6
20.08.2019;-0.62;-0.62;-0.65
19.08.2019;-0.6;-0.6;-0.63
16.08.2019;-0.65;-0.65;-0.68
15.08.2019;-0.67;-0.67;-0.7
14.08.2019;-0.61;-0.61;-0.64
13.08.2019;-0.54;-0.54;-0.57
12.08.2019;-0.52;-0.52;-0.55
09.08.2019;-0.51;-0.51;-0.54
08.08.2019;-0.51;-0.51;-0.54
07.08.2019;-0.54;-0.54;-0.57
06.08.2019;-0.48;-0.48;-0.51
05.08.2019;-0.48;-0.48;-0.51
02.08.2019;-0.46;-0.46;-0.49
31.07.2019;-0.38;-0.39;-0.42
30.07.2019;-0.36;-0.36;-0.39
29.07.2019;-0.35;-0.35;-0.38
26.07.2019;-0.33;-0.33;-0.37
25.07.2019;-0.32;-0.32;-0.35
24.07.2019;-0.33;-0.33;-0.36
23.07.2019;-0.3;-0.31;-0.34
22.07.2019;-0.3;-0.3;-0.33
19.07.2019;-0.29;-0.29;-0.33
18.07.2019;-0.28;-0.28;-0.31
17.07.2019;-0.26;-0.26;-0.3
16.07.2019;-0.23;-0.23;-0.26
15.07.2019;-0.2;-0.21;-0.24
12.07.2019;-0.18;-0.18;-0.22
11.07.2019;-0.19;-0.19;-0.23
10.07.2019;-0.23;-0.23;-0.26
09.07.2019;-0.27;-0.27;-0.3
08.07.2019;-0.3;-0.3;-0.34
05.07.2019;-0.28;-0.28;-0.32
04.07.2019;-0.3;-0.31;-0.34
03.07.2019;-0.3;-0.31;-0.34
02.07.2019;-0.26;-0.26;-0.3
01.07.2019;-0.24;-0.24;-0.27
28.06.2019;-0.24;-0.24;-0.27
27.06.2019;-0.23;-0.23;-0.27
26.06.2019;-0.22;-0.23;-0.26
25.06.2019;-0.23;-0.23;-0.26
24.06.2019;-0.23;-0.23;-0.26
21.06.2019;-0.21;-0.21;-0.25
20.06.2019;-0.25;-0.25;-0.28
19.06.2019;-0.22;-0.22;-0.26
18.06.2019;-0.24;-0.25;-0.28
17.06.2019;-0.21;-0.21;-0.25
14.06.2019;-0.21;-0.21;-0.25
13.06.2019;-0.2;-0.2;-0.23
12.06.2019;-0.19;-0.2;-0.23
11.06.2019;-0.21;-0.21;-0.25
07.06.2019;-0.23;-0.23;-0.26
06.06.2019;-0.22;-0.22;-0.25
05.06.2019;-0.22;-0.22;-0.25
04.06.2019;-0.21;-0.21;-0.24
03.06.2019;-0.21;-0.21;-0.24
31.05.2019;-0.19;-0.19;-0.22
29.05.2019;-0.17;-0.17;-0.2
28.05.2019;-0.16;-0.16;-0.19
27.05.2019;-0.15;-0.15;-0.18
24.05.2019;-0.14;-0.14;-0.17
23.05.2019;-0.13;-0.13;-0.16
22.05.2019;-0.12;-0.12;-0.15
21.05.2019;-0.1;-0.1;-0.13
20.05.2019;-0.1;-0.11;-0.13
17.05.2019;-0.12;-0.12;-0.15
16.05.2019;-0.11;-0.12;-0.14
15.05.2019;-0.12;-0.12;-0.15
14.05.2019;-0.1;-0.1;-0.13
13.05.2019;-0.08;-0.09;-0.11
10.05.2019;-0.08;-0.08;-0.11
09.05.2019;-0.08;-0.08;-0.11
08.05.2019;-0.07;-0.07;-0.1
07.05.2019;-0.07;-0.07;-0.1
06.05.2019;-0.04;-0.05;-0.07
03.05.2019;-0.03;-0.03;-0.06
02.05.2019;-0.03;-0.03;-0.06
30.04.2019;-0.03;-0.03;-0.06
29.04.2019;-0.04;-0.05;-0.07
26.04.2019;-0.05;-0.05;-0.08
25.04.2019;-0.05;-0.05;-0.07
24.04.2019;-0.05;-0.06;-0.08
23.04.2019;-0.02;-0.02;-0.05
18.04.2019;-0.02;-0.02;-0.05
17.04.2019;0.01;0.01;-0.02
16.04.2019;-0.01;-0.01;-0.04
15.04.2019;0;-0.01;-0.04
12.04.2019;-0.02;-0.02;-0.05
11.04.2019;-0.05;-0.06;-0.09
10.04.2019;-0.07;-0.07;-0.1
09.04.2019;-0.05;-0.05;-0.08
08.04.2019;-0.04;-0.04;-0.07
05.04.2019;-0.04;-0.04;-0.07
04.04.2019;-0.05;-0.05;-0.08
03.04.2019;-0.05;-0.05;-0.08
02.04.2019;-0.08;-0.08;-0.11
01.04.2019;-0.06;-0.06;-0.09
29.03.2019;-0.09;-0.09;-0.11
28.03.2019;-0.11;-0.11;-0.13
27.03.2019;-0.13;-0.14;-0.15
26.03.2019;-0.09;-0.09;-0.1
25.03.2019;-0.09;-0.09;-0.1
22.03.2019;-0.08;-0.09;-0.1
21.03.2019;-0.05;-0.05;-0.06
20.03.2019;-0.01;-0.01;-0.03
19.03.2019;0.01;0;-0.01
18.03.2019;0;-0.01;-0.02
15.03.2019;0.01;0;-0.01
14.03.2019;0.01;0.01;-0.01
13.03.2019;0;0;-0.02
12.03.2019;0.01;0;-0.01
11.03.2019;0;0;-0.02
08.03.2019;0;0;-0.02
07.03.2019;0.01;0.01;-0.01
06.03.2019;0.06;0.06;0.04
05.03.2019;0.09;0.09;0.07
04.03.2019;0.09;0.09;0.07
01.03.2019;0.1;0.09;0.08
28.02.2019;0.08;0.07;0.06
27.02.2019;0.06;0.06;0.04
26.02.2019;0.04;0.04;0.02
25.02.2019;0.04;0.04;0.02
22.02.2019;0.04;0.03;0.02
21.02.2019;0.05;0.04;0.03
20.02.2019;0.04;0.04;0.02
19.02.2019;0.05;0.04;0.03
18.02.2019;0.05;0.05;0.03
15.02.2019;0.05;0.05;0.03
14.02.2019;0.05;0.05;0.03
13.02.2019;0.07;0.07;0.05
12.02.2019;0.06;0.06;0.04
11.02.2019;0.04;0.04;0.02
08.02.2019;0.02;0.02;0.01
07.02.2019;0.05;0.05;0.04
06.02.2019;0.08;0.08;0.06
05.02.2019;0.09;0.09;0.07
04.02.2019;0.09;0.08;0.07
01.02.2019;0.08;0.08;0.06
31.01.2019;0.07;0.07;0.05
30.01.2019;0.1;0.09;0.08
29.01.2019;0.1;0.1;0.09
28.01.2019;0.12;0.11;0.1
25.01.2019;0.12;0.12;0.1
24.01.2019;0.12;0.12;0.1
23.01.2019;0.14;0.13;0.12
22.01.2019;0.15;0.14;0.13
21.01.2019;0.16;0.15;0.14
18.01.2019;0.17;0.16;0.15
17.01.2019;0.16;0.15;0.14
16.01.2019;0.15;0.15;0.13
15.01.2019;0.14;0.14;0.12
14.01.2019;0.15;0.14;0.13
11.01.2019;0.15;0.14;0.13
10.01.2019;0.15;0.15;0.13
09.01.2019;0.15;0.15;0.13
08.01.2019;0.15;0.15;0.13
07.01.2019;0.13;0.12;0.11
04.01.2019;0.12;0.12;0.1
03.01.2019;0.1;0.09;0.07
28.12.2018;0.14;0.14;0.12
27.12.2018;0.14;0.14;0.12
21.12.2018;0.15;0.15;0.14
20.12.2018;0.15;0.15;0.13
19.12.2018;0.18;0.18;0.17
18.12.2018;0.19;0.18;0.17
17.12.2018;0.2;0.2;0.18
14.12.2018;0.2;0.2;0.18
13.12.2018;0.22;0.22;0.2
12.12.2018;0.21;0.21;0.19
11.12.2018;0.21;0.2;0.19
10.12.2018;0.21;0.21;0.19
07.12.2018;0.22;0.21;0.2
06.12.2018;0.2;0.2;0.18
05.12.2018;0.22;0.21;0.2
04.12.2018;0.22;0.21;0.2
03.12.2018;0.24;0.23;0.22
30.11.2018;0.23;0.22;0.21
29.11.2018;0.24;0.23;0.22
28.11.2018;0.25;0.24;0.23
27.11.2018;0.24;0.23;0.22
26.11.2018;0.24;0.24;0.22
23.11.2018;0.24;0.24;0.23
22.11.2018;0.25;0.25;0.23
21.11.2018;0.26;0.26;0.25
20.11.2018;0.27;0.27;0.25
19.11.2018;0.28;0.28;0.26
16.11.2018;0.28;0.27;0.26
15.11.2018;0.28;0.28;0.27
14.11.2018;0.3;0.29;0.28
13.11.2018;0.29;0.29;0.28
12.11.2018;0.29;0.28;0.27
09.11.2018;0.3;0.3;0.28
08.11.2018;0.31;0.31;0.29
07.11.2018;0.31;0.3;0.29
06.11.2018;0.29;0.29;0.28
05.11.2018;0.29;0.29;0.27
02.11.2018;0.3;0.3;0.29
01.11.2018;0.29;0.28;0.27
31.10.2018;0.27;0.27;0.26
30.10.2018;0.26;0.26;0.24
29.10.2018;0.26;0.26;0.24
26.10.2018;0.25;0.25;0.23
25.10.2018;0.28;0.28;0.26
24.10.2018;0.27;0.27;0.26
23.10.2018;0.28;0.28;0.26
22.10.2018;0.31;0.31;0.29
19.10.2018;0.29;0.29;0.27
18.10.2018;0.3;0.3;0.28
17.10.2018;0.31;0.31;0.3
16.10.2018;0.33;0.33;0.32
15.10.2018;0.34;0.34;0.32
12.10.2018;0.35;0.35;0.33
11.10.2018;0.35;0.35;0.34
10.10.2018;0.37;0.37;0.35
09.10.2018;0.35;0.35;0.33
08.10.2018;0.34;0.34;0.32
05.10.2018;0.34;0.34;0.33
04.10.2018;0.33;0.33;0.32
03.10.2018;0.29;0.3;0.28
02.10.2018;0.28;0.28;0.26
01.10.2018;0.31;0.31;0.29
28.09.2018;0.3;0.3;0.28
27.09.2018;0.31;0.31;0.3
26.09.2018;0.32;0.32;0.3
25.09.2018;0.32;0.32;0.3
24.09.2018;0.29;0.29;0.27
21.09.2018;0.27;0.27;0.26
20.09.2018;0.28;0.28;0.27
19.09.2018;0.28;0.28;0.27
18.09.2018;0.27;0.27;0.26
17.09.2018;0.26;0.26;0.24
14.09.2018;0.24;0.24;0.23
13.09.2018;0.23;0.24;0.22
12.09.2018;0.23;0.23;0.22
11.09.2018;0.23;0.23;0.22
10.09.2018;0.22;0.22;0.2
07.09.2018;0.21;0.21;0.19
06.09.2018;0.2;0.21;0.19
05.09.2018;0.21;0.21;0.19
04.09.2018;0.19;0.19;0.18
03.09.2018;0.19;0.19;0.17
31.08.2018;0.19;0.19;0.17
30.08.2018;0.2;0.2;0.19
29.08.2018;0.22;0.22;0.2
28.08.2018;0.21;0.21;0.2
27.08.2018;0.21;0.21;0.19
24.08.2018;0.2;0.2;0.18
23.08.2018;0.19;0.19;0.18
22.08.2018;0.19;0.19;0.17
21.08.2018;0.18;0.18;0.16
20.08.2018;0.17;0.17;0.15
17.08.2018;0.18;0.18;0.17
16.08.2018;0.19;0.19;0.17
15.08.2018;0.18;0.18;0.16
14.08.2018;0.2;0.2;0.19
13.08.2018;0.21;0.21;0.19
10.08.2018;0.2;0.2;0.19
09.08.2018;0.23;0.23;0.22
08.08.2018;0.24;0.25;0.23
07.08.2018;0.25;0.25;0.23
06.08.2018;0.25;0.25;0.23
03.08.2018;0.26;0.26;0.24
02.08.2018;0.28;0.28;0.27
31.07.2018;0.27;0.27;0.25
30.07.2018;0.27;0.27;0.26
27.07.2018;0.24;0.24;0.23
26.07.2018;0.24;0.24;0.22
25.07.2018;0.23;0.23;0.21
24.07.2018;0.24;0.24;0.22
23.07.2018;0.24;0.24;0.22
20.07.2018;0.23;0.23;0.21
19.07.2018;0.22;0.22;0.2
18.07.2018;0.22;0.22;0.2
17.07.2018;0.23;0.23;0.21
16.07.2018;0.22;0.22;0.2
13.07.2018;0.2;0.2;0.18
12.07.2018;0.21;0.21;0.19
11.07.2018;0.21;0.21;0.19
10.07.2018;0.21;0.2;0.19
09.07.2018;0.2;0.19;0.18
06.07.2018;0.18;0.18;0.16
05.07.2018;0.18;0.18;0.16
04.07.2018;0.17;0.17;0.16
03.07.2018;0.17;0.17;0.16
02.07.2018;0.18;0.18;0.17
29.06.2018;0.2;0.2;0.18
28.06.2018;0.2;0.2;0.19
27.06.2018;0.21;0.21;0.19
26.06.2018;0.21;0.21;0.2
25.06.2018;0.2;0.2;0.18
22.06.2018;0.19;0.19;0.18
21.06.2018;0.19;0.19;0.17
20.06.2018;0.2;0.2;0.18
19.06.2018;0.2;0.19;0.18
18.06.2018;0.21;0.21;0.19
15.06.2018;0.21;0.21;0.2
14.06.2018;0.25;0.25;0.23
13.06.2018;0.28;0.28;0.27
12.06.2018;0.3;0.29;0.28
11.06.2018;0.29;0.29;0.28
08.06.2018;0.28;0.28;0.27
07.06.2018;0.3;0.3;0.29
06.06.2018;0.27;0.27;0.26
05.06.2018;0.22;0.22;0.21
04.06.2018;0.22;0.22;0.21
01.06.2018;0.22;0.22;0.2
31.05.2018;0.19;0.19;0.17
30.05.2018;0.19;0.19;0.18
29.05.2018;0.17;0.17;0.15
28.05.2018;0.19;0.19;0.18
25.05.2018;0.22;0.22;0.2
24.05.2018;0.26;0.26;0.24
23.05.2018;0.26;0.26;0.25
22.05.2018;0.29;0.29;0.28
18.05.2018;0.31;0.31;0.29
17.05.2018;0.32;0.33;0.31
16.05.2018;0.3;0.3;0.29
15.05.2018;0.31;0.31;0.3
14.05.2018;0.29;0.29;0.28
11.05.2018;0.26;0.26;0.25
09.05.2018;0.25;0.26;0.24
08.05.2018;0.24;0.24;0.23
07.05.2018;0.23;0.23;0.22
04.05.2018;0.24;0.24;0.22
03.05.2018;0.24;0.24;0.23
02.05.2018;0.27;0.27;0.26
30.04.2018;0.27;0.28;0.26
27.04.2018;0.27;0.28;0.27
26.04.2018;0.29;0.3;0.28
25.04.2018;0.32;0.33;0.31
24.04.2018;0.3;0.31;0.3
23.04.2018;0.3;0.31;0.29
20.04.2018;0.29;0.29;0.28
19.04.2018;0.27;0.28;0.26
18.04.2018;0.21;0.22;0.2
17.04.2018;0.19;0.2;0.18
16.04.2018;0.19;0.2;0.19
13.04.2018;0.18;0.18;0.17
12.04.2018;0.17;0.18;0.16
11.04.2018;0.16;0.17;0.15
10.04.2018;0.17;0.17;0.16
09.04.2018;0.16;0.17;0.15
06.04.2018;0.16;0.17;0.16
05.04.2018;0.17;0.18;0.16
04.04.2018;0.15;0.16;0.15
03.04.2018;0.18;0.18;0.17
29.03.2018;0.19;0.19;0.18
28.03.2018;0.19;0.2;0.19
27.03.2018;0.21;0.21;0.2
26.03.2018;0.21;0.22;0.21
23.03.2018;0.21;0.21;0.2
22.03.2018;0.2;0.21;0.2
21.03.2018;0.23;0.23;0.22
20.03.2018;0.22;0.23;0.22
19.03.2018;0.22;0.23;0.22
16.03.2018;0.23;0.24;0.23
15.03.2018;0.24;0.25;0.24
14.03.2018;0.24;0.25;0.24
13.03.2018;0.25;0.26;0.25
12.03.2018;0.25;0.26;0.25
09.03.2018;0.26;0.27;0.26
08.03.2018;0.25;0.26;0.25
07.03.2018;0.26;0.27;0.26
06.03.2018;0.26;0.27;0.26
05.03.2018;0.23;0.24;0.23
02.03.2018;0.24;0.24;0.23
01.03.2018;0.24;0.25;0.24
28.02.2018;0.24;0.25;0.24
27.02.2018;0.24;0.25;0.24
26.02.2018;0.24;0.25;0.24
23.02.2018;0.25;0.26;0.25
22.02.2018;0.28;0.29;0.28
21.02.2018;0.29;0.29;0.28
20.02.2018;0.3;0.3;0.29
19.02.2018;0.29;0.3;0.29
16.02.2018;0.29;0.3;0.29
15.02.2018;0.31;0.32;0.31
14.02.2018;0.3;0.31;0.29
13.02.2018;0.29;0.3;0.29
12.02.2018;0.29;0.3;0.29
09.02.2018;0.28;0.29;0.28
08.02.2018;0.3;0.31;0.3
07.02.2018;0.27;0.28;0.27
06.02.2018;0.25;0.25;0.24
05.02.2018;0.27;0.28;0.27
02.02.2018;0.28;0.29;0.28
01.02.2018;0.25;0.26;0.25
31.01.2018;0.23;0.23;0.23
30.01.2018;0.24;0.25;0.24
29.01.2018;0.25;0.25;0.24
26.01.2018;0.21;0.22;0.21
25.01.2018;0.22;0.23;0.22
24.01.2018;0.21;0.21;0.2
23.01.2018;0.19;0.2;0.19
22.01.2018;0.18;0.18;0.17
19.01.2018;0.17;0.17;0.16
18.01.2018;0.16;0.16;0.15
17.01.2018;0.15;0.15;0.14
16.01.2018;0.16;0.16;0.15
15.01.2018;0.17;0.17;0.17
12.01.2018;0.18;0.18;0.17
11.01.2018;0.15;0.15;0.15
10.01.2018;0.12;0.13;0.12
09.01.2018;0.09;0.09;0.08
08.01.2018;0.08;0.08;0.07
05.01.2018;0.08;0.09;0.08
04.01.2018;0.08;0.08;0.07
03.01.2018;0.08;0.08;0.07
29.12.2017;0.09;0.09;0.08
28.12.2017;0.09;0.09;0.08
27.12.2017;0.08;0.09;0.08
22.12.2017;0.09;0.09;0.08
21.12.2017;0.09;0.1;0.09
20.12.2017;0.09;0.09;0.08
19.12.2017;0.07;0.07;0.06
18.12.2017;0.04;0.04;0.03
15.12.2017;0.04;0.04;0.03
14.12.2017;0.05;0.05;0.04
13.12.2017;0.06;0.06;0.05
12.12.2017;0.05;0.06;0.05
11.12.2017;0.04;0.04;0.03
08.12.2017;0.05;0.06;0.05
07.12.2017;0.04;0.05;0.04
06.12.2017;0.05;0.05;0.04
05.12.2017;0.06;0.07;0.06
04.12.2017;0.08;0.08;0.07
01.12.2017;0.09;0.09;0.08
30.11.2017;0.09;0.1;0.09
29.11.2017;-0.05;-0.06;-0.08
28.11.2017;-0.07;-0.07;-0.1
27.11.2017;-0.08;-0.08;-0.11
24.11.2017;-0.08;-0.08;-0.11
23.11.2017;-0.09;-0.09;-0.12
22.11.2017;-0.09;-0.1;-0.13
21.11.2017;-0.09;-0.09;-0.12
20.11.2017;-0.08;-0.08;-0.11
17.11.2017;-0.08;-0.08;-0.11
16.11.2017;-0.08;-0.08;-0.11
15.11.2017;-0.08;-0.08;-0.11
14.11.2017;-0.07;-0.07;-0.1
13.11.2017;-0.06;-0.07;-0.09
10.11.2017;-0.06;-0.06;-0.09
09.11.2017;-0.07;-0.07;-0.1
08.11.2017;-0.11;-0.11;-0.14
07.11.2017;-0.09;-0.1;-0.13
06.11.2017;-0.08;-0.09;-0.12
03.11.2017;-0.07;-0.07;-0.1
02.11.2017;-0.06;-0.07;-0.09
01.11.2017;-0.06;-0.06;-0.09
31.10.2017;-0.08;-0.08;-0.11
30.10.2017;-0.07;-0.07;-0.1
27.10.2017;-0.05;-0.05;-0.08
26.10.2017;-0.03;-0.03;-0.06
25.10.2017;-0.02;-0.02;-0.05
24.10.2017;-0.02;-0.02;-0.05
23.10.2017;-0.04;-0.05;-0.07
20.10.2017;-0.03;-0.04;-0.07
19.10.2017;-0.07;-0.07;-0.1
18.10.2017;-0.07;-0.07;-0.1
17.10.2017;-0.07;-0.08;-0.11
16.10.2017;-0.07;-0.07;-0.1
13.10.2017;-0.05;-0.05;-0.08
12.10.2017;-0.03;-0.03;-0.06
11.10.2017;-0.03;-0.03;-0.06
10.10.2017;-0.04;-0.04;-0.07
09.10.2017;-0.04;-0.05;-0.07
06.10.2017;-0.02;-0.02;-0.05
05.10.2017;-0.03;-0.03;-0.06
04.10.2017;-0.03;-0.03;-0.06
03.10.2017;-0.01;-0.02;-0.05
02.10.2017;-0.03;-0.03;-0.06
29.09.2017;-0.04;-0.04;-0.07
28.09.2017;-0.03;-0.03;-0.06
27.09.2017;-0.03;-0.04;-0.07
26.09.2017;-0.06;-0.07;-0.1
25.09.2017;-0.07;-0.08;-0.11
22.09.2017;-0.05;-0.05;-0.08
21.09.2017;-0.04;-0.04;-0.07
20.09.2017;-0.05;-0.05;-0.08
19.09.2017;-0.04;-0.05;-0.08
18.09.2017;-0.04;-0.05;-0.08
15.09.2017;-0.06;-0.06;-0.09
14.09.2017;-0.08;-0.09;-0.12
13.09.2017;-0.08;-0.09;-0.12
12.09.2017;-0.11;-0.12;-0.15
11.09.2017;-0.13;-0.13;-0.16
08.09.2017;-0.14;-0.14;-0.17
07.09.2017;-0.13;-0.13;-0.16
06.09.2017;-0.13;-0.13;-0.16
05.09.2017;-0.12;-0.12;-0.15
04.09.2017;-0.11;-0.12;-0.15
01.09.2017;-0.11;-0.11;-0.14
31.08.2017;0.01;0.01;0
30.08.2017;0.01;0.01;0
29.08.2017;0;0;-0.01
28.08.2017;0.02;0.02;0
25.08.2017;0.02;0.02;0.01
24.08.2017;0.01;0.01;0
23.08.2017;0.01;0.01;0
22.08.2017;0.02;0.02;0.01
21.08.2017;0.02;0.02;0.01
18.08.2017;0.04;0.04;0.03
17.08.2017;0.06;0.06;0.05
16.08.2017;0.07;0.07;0.06
15.08.2017;0.05;0.05;0.04
14.08.2017;0.01;0.02;0
11.08.2017;-0.01;-0.01;-0.02
10.08.2017;0;0;-0.01
09.08.2017;0.02;0.02;0.01
08.08.2017;0.06;0.06;0.05
07.08.2017;0.06;0.06;0.05
04.08.2017;0.07;0.07;0.06
03.08.2017;0.08;0.08;0.07
02.08.2017;0.1;0.1;0.09
31.07.2017;0.12;0.12;0.11
28.07.2017;0.13;0.14;0.12
27.07.2017;0.11;0.11;0.1
26.07.2017;0.1;0.11;0.09
25.07.2017;0.11;0.12;0.1
24.07.2017;0.08;0.09;0.07
21.07.2017;0.08;0.08;0.07
20.07.2017;0.1;0.1;0.09
19.07.2017;0.09;0.09;0.08
18.07.2017;0.09;0.09;0.08
17.07.2017;0.1;0.1;0.09
14.07.2017;0.11;0.11;0.1
13.07.2017;0.1;0.1;0.09
12.07.2017;0.1;0.1;0.09
11.07.2017;0.1;0.1;0.09
10.07.2017;0.1;0.1;0.09
07.07.2017;0.11;0.11;0.1
06.07.2017;0.12;0.12;0.1
05.07.2017;0.07;0.07;0.06
04.07.2017;0.07;0.07;0.06
03.07.2017;0.07;0.07;0.06
30.06.2017;0.06;0.06;0.06
29.06.2017;0.03;0.03;0.03
28.06.2017;0;0;0
27.06.2017;-0.02;-0.02;-0.02
26.06.2017;-0.05;-0.05;-0.05
23.06.2017;-0.04;-0.04;-0.04
22.06.2017;-0.05;-0.05;-0.05
21.06.2017;-0.04;-0.04;-0.04
20.06.2017;-0.05;-0.05;-0.05
19.06.2017;-0.04;-0.04;-0.04
16.06.2017;-0.04;-0.04;-0.05
15.06.2017;-0.05;-0.05;-0.06
14.06.2017;-0.07;-0.07;-0.07
13.06.2017;-0.06;-0.06;-0.07
12.06.2017;-0.07;-0.07;-0.07
09.06.2017;-0.05;-0.06;-0.06
08.06.2017;-0.06;-0.06;-0.06
07.06.2017;-0.05;-0.06;-0.06
06.06.2017;-0.05;-0.05;-0.05
02.06.2017;-0.05;-0.05;-0.05
01.06.2017;-0.04;-0.04;-0.04
31.05.2017;-0.05;-0.05;-0.05
30.05.2017;-0.04;-0.04;-0.04
29.05.2017;-0.03;-0.03;-0.03
26.05.2017;-0.02;-0.02;-0.02
24.05.2017;-0.01;-0.01;-0.01
23.05.2017;-0.02;-0.02;-0.02
22.05.2017;-0.02;-0.02;-0.02
19.05.2017;-0.02;-0.03;-0.03
18.05.2017;-0.03;-0.03;-0.03
17.05.2017;-0.02;-0.02;-0.02
16.05.2017;0.01;0;0
15.05.2017;0;0;0
12.05.2017;0.01;0.01;0.01
11.05.2017;0.02;0.01;0.01
10.05.2017;0.02;0.02;0.02
09.05.2017;0.04;0.03;0.03
08.05.2017;0.03;0.02;0.02
05.05.2017;0.03;0.02;0.02
04.05.2017;0.02;0.01;0.01
03.05.2017;-0.02;-0.02;-0.02
02.05.2017;-0.02;-0.02;-0.03
28.04.2017;-0.03;-0.03;-0.04
27.04.2017;-0.03;-0.03;-0.03
26.04.2017;-0.01;-0.01;-0.02
25.04.2017;-0.02;-0.02;-0.02
24.04.2017;-0.04;-0.04;-0.04
21.04.2017;-0.11;-0.12;-0.12
20.04.2017;-0.1;-0.1;-0.11
19.04.2017;-0.12;-0.13;-0.13
18.04.2017;-0.12;-0.13;-0.13
13.04.2017;-0.1;-0.11;-0.11
12.04.2017;-0.1;-0.1;-0.11
11.04.2017;-0.09;-0.1;-0.1
10.04.2017;-0.1;-0.1;-0.1
07.04.2017;-0.08;-0.09;-0.09
06.04.2017;-0.08;-0.08;-0.08
05.04.2017;-0.08;-0.08;-0.08
04.04.2017;-0.07;-0.07;-0.07
03.04.2017;-0.05;-0.05;-0.06
31.03.2017;-0.03;-0.04;-0.04
30.03.2017;-0.04;-0.04;-0.04
29.03.2017;-0.03;-0.04;-0.04
28.03.2017;-0.01;-0.02;-0.02
27.03.2017;0.01;0.01;0
24.03.2017;0.03;0.02;0.02
23.03.2017;0.02;0.02;0.02
22.03.2017;0.02;0.02;0.02
21.03.2017;0.05;0.05;0.05
20.03.2017;0.02;0.02;0.02
17.03.2017;0.02;0.02;0.02
16.03.2017;0.02;0.02;0.02
15.03.2017;0;0;0
14.03.2017;0.03;0.03;0.03
13.03.2017;0.04;0.04;0.04
10.03.2017;0.05;0.05;0.05
09.03.2017;0;0;0
08.03.2017;-0.04;-0.04;-0.03
07.03.2017;-0.05;-0.05;-0.05
06.03.2017;-0.05;-0.05;-0.05
03.03.2017;-0.06;-0.06;-0.06
02.03.2017;-0.09;-0.09;-0.09
01.03.2017;-0.11;-0.11;-0.11
28.02.2017;-0.13;-0.13;-0.13
27.02.2017;-0.12;-0.12;-0.12
24.02.2017;-0.12;-0.12;-0.12
23.02.2017;-0.09;-0.1;-0.1
22.02.2017;-0.07;-0.07;-0.07
21.02.2017;-0.05;-0.05;-0.05
20.02.2017;-0.06;-0.06;-0.06
17.02.2017;-0.06;-0.06;-0.06
16.02.2017;-0.04;-0.04;-0.04
15.02.2017;-0.03;-0.03;-0.03
14.02.2017;-0.02;-0.02;-0.02
13.02.2017;-0.05;-0.05;-0.05
10.02.2017;-0.05;-0.05;-0.05
09.02.2017;-0.06;-0.06;-0.06
08.02.2017;-0.06;-0.06;-0.06
07.02.2017;-0.03;-0.03;-0.03
06.02.2017;-0.03;-0.03;-0.03
03.02.2017;-0.01;-0.01;-0.01
02.02.2017;0;0;0
01.02.2017;0.01;0.01;0.01
31.01.2017;-0.01;-0.01;-0.01
30.01.2017;-0.01;-0.01;-0.01
27.01.2017;0;0;0.01
26.01.2017;0.01;0.01;0.02
25.01.2017;0.01;0.01;0.01
24.01.2017;-0.01;-0.01;-0.01
23.01.2017;-0.02;-0.02;-0.02
20.01.2017;0.01;0.01;0.01
19.01.2017;-0.01;-0.01;0
18.01.2017;-0.05;-0.05;-0.05
17.01.2017;-0.07;-0.07;-0.07
16.01.2017;-0.07;-0.07;-0.07
13.01.2017;-0.06;-0.06;-0.06
12.01.2017;-0.07;-0.07;-0.07
11.01.2017;-0.06;-0.07;-0.06
10.01.2017;-0.06;-0.06;-0.05
09.01.2017;-0.05;-0.05;-0.04
06.01.2017;-0.03;-0.03;-0.03
05.01.2017;-0.03;-0.04;-0.03
04.01.2017;-0.03;-0.03;-0.03
03.01.2017;-0.03;-0.03;-0.03
30.12.2016;-0.02;-0.02;-0.02
29.12.2016;-0.02;-0.02;-0.02
28.12.2016;-0.01;-0.01;-0.01
27.12.2016;-0.01;-0.01;-0.01
23.12.2016;0;0;0
22.12.2016;0.01;0.01;0.01
21.12.2016;0;0;0
20.12.2016;0;0;0.01
19.12.2016;0;0;0
16.12.2016;0.02;0.02;0.02
15.12.2016;0.03;0.03;0.03
14.12.2016;0;0;0
13.12.2016;0.03;0.03;0.03
12.12.2016;0.05;0.05;0.05
09.12.2016;0.03;0.03;0.04
08.12.2016;0.02;0.02;0.02
07.12.2016;-0.01;-0.01;-0.01
06.12.2016;-0.01;-0.01;-0.01
05.12.2016;0;0;0
02.12.2016;-0.03;-0.03;-0.03
01.12.2016;-0.01;-0.01;-0.01
30.11.2016;-0.09;-0.09;-0.08
29.11.2016;-0.09;-0.09;-0.08
28.11.2016;-0.09;-0.1;-0.08
25.11.2016;-0.08;-0.08;-0.07
24.11.2016;-0.08;-0.08;-0.07
23.11.2016;-0.06;-0.07;-0.05
22.11.2016;-0.07;-0.08;-0.06
21.11.2016;-0.04;-0.05;-0.03
18.11.2016;-0.02;-0.03;-0.02
17.11.2016;-0.02;-0.03;-0.02
16.11.2016;-0.01;-0.02;0
15.11.2016;-0.02;-0.02;-0.01
14.11.2016;0;0;0.01
11.11.2016;-0.04;-0.05;-0.04
10.11.2016;-0.06;-0.07;-0.06
09.11.2016;-0.16;-0.16;-0.15
08.11.2016;-0.17;-0.18;-0.17
07.11.2016;-0.17;-0.18;-0.17
04.11.2016;-0.18;-0.19;-0.18
03.11.2016;-0.16;-0.17;-0.16
02.11.2016;-0.18;-0.19;-0.19
01.11.2016;-0.15;-0.16;-0.15
31.10.2016;-0.19;-0.2;-0.19
28.10.2016;-0.18;-0.19;-0.18
27.10.2016;-0.16;-0.17;-0.16
26.10.2016;-0.21;-0.22;-0.21
25.10.2016;-0.23;-0.24;-0.23
24.10.2016;-0.24;-0.25;-0.24
21.10.2016;-0.24;-0.25;-0.24
20.10.2016;-0.23;-0.24;-0.24
19.10.2016;-0.23;-0.24;-0.24
18.10.2016;-0.23;-0.24;-0.23
17.10.2016;-0.22;-0.23;-0.22
14.10.2016;-0.23;-0.24;-0.23
13.10.2016;-0.25;-0.26;-0.25
12.10.2016;-0.24;-0.25;-0.24
11.10.2016;-0.25;-0.26;-0.25
10.10.2016;-0.25;-0.26;-0.26
07.10.2016;-0.26;-0.27;-0.26
06.10.2016;-0.27;-0.29;-0.28
05.10.2016;-0.27;-0.28;-0.27
04.10.2016;-0.31;-0.33;-0.32
03.10.2016;-0.33;-0.34;-0.33
30.09.2016;-0.33;-0.35;-0.34
29.09.2016;-0.31;-0.33;-0.32
28.09.2016;-0.32;-0.34;-0.33
27.09.2016;-0.33;-0.34;-0.33
26.09.2016;-0.31;-0.32;-0.31
23.09.2016;-0.28;-0.3;-0.29
22.09.2016;-0.28;-0.29;-0.29
21.09.2016;-0.25;-0.26;-0.26
20.09.2016;-0.25;-0.27;-0.26
19.09.2016;-0.24;-0.26;-0.25
16.09.2016;-0.24;-0.25;-0.24
15.09.2016;-0.21;-0.23;-0.22
14.09.2016;-0.23;-0.25;-0.24
13.09.2016;-0.25;-0.26;-0.26
12.09.2016;-0.25;-0.27;-0.26
09.09.2016;-0.28;-0.3;-0.29
08.09.2016;-0.32;-0.33;-0.33
07.09.2016;-0.33;-0.35;-0.34
06.09.2016;-0.32;-0.34;-0.33
05.09.2016;-0.3;-0.31;-0.31
02.09.2016;-0.29;-0.31;-0.3
01.09.2016;-0.3;-0.31;-0.31
31.08.2016;-0.33;-0.35;-0.35
30.08.2016;-0.34;-0.35;-0.35
29.08.2016;-0.33;-0.35;-0.35
26.08.2016;-0.34;-0.36;-0.36
25.08.2016;-0.34;-0.36;-0.35
24.08.2016;-0.34;-0.36;-0.36
23.08.2016;-0.34;-0.36;-0.35
22.08.2016;-0.32;-0.34;-0.33
19.08.2016;-0.31;-0.32;-0.32
18.08.2016;-0.32;-0.33;-0.33
17.08.2016;-0.31;-0.33;-0.32
16.08.2016;-0.32;-0.33;-0.33
15.08.2016;-0.34;-0.36;-0.36
12.08.2016;-0.35;-0.37;-0.37
11.08.2016;-0.35;-0.37;-0.37
10.08.2016;-0.36;-0.37;-0.37
09.08.2016;-0.34;-0.35;-0.35
08.08.2016;-0.33;-0.35;-0.34
05.08.2016;-0.34;-0.35;-0.35
04.08.2016;-0.33;-0.35;-0.35
03.08.2016;-0.32;-0.34;-0.34
02.08.2016;-0.34;-0.36;-0.35
29.07.2016;-0.38;-0.39;-0.39
28.07.2016;-0.35;-0.36;-0.36
27.07.2016;-0.33;-0.35;-0.34
26.07.2016;-0.32;-0.34;-0.33
25.07.2016;-0.32;-0.34;-0.33
22.07.2016;-0.33;-0.34;-0.34
21.07.2016;-0.32;-0.34;-0.33
20.07.2016;-0.35;-0.36;-0.36
19.07.2016;-0.36;-0.38;-0.37
18.07.2016;-0.37;-0.39;-0.38
15.07.2016;-0.36;-0.38;-0.37
14.07.2016;-0.37;-0.39;-0.38
13.07.2016;-0.41;-0.43;-0.42
12.07.2016;-0.41;-0.43;-0.42
11.07.2016;-0.44;-0.46;-0.45
08.07.2016;-0.41;-0.43;-0.42
07.07.2016;-0.4;-0.42;-0.41
06.07.2016;-0.41;-0.42;-0.42
05.07.2016;-0.41;-0.42;-0.42
04.07.2016;-0.39;-0.4;-0.4
01.07.2016;-0.38;-0.4;-0.39
30.06.2016;-0.39;-0.4;-0.4
29.06.2016;-0.35;-0.36;-0.35
28.06.2016;-0.32;-0.34;-0.33
27.06.2016;-0.32;-0.33;-0.33
24.06.2016;-0.29;-0.3;-0.3
23.06.2016;-0.27;-0.29;-0.28
22.06.2016;-0.3;-0.32;-0.31
21.06.2016;-0.32;-0.33;-0.33
20.06.2016;-0.32;-0.34;-0.33
17.06.2016;-0.35;-0.37;-0.36
16.06.2016;-0.41;-0.42;-0.41
15.06.2016;-0.38;-0.39;-0.38
14.06.2016;-0.37;-0.38;-0.37
13.06.2016;-0.35;-0.37;-0.36
10.06.2016;-0.33;-0.34;-0.34
09.06.2016;-0.3;-0.31;-0.31
08.06.2016;-0.29;-0.3;-0.29
07.06.2016;-0.28;-0.3;-0.29
06.06.2016;-0.26;-0.27;-0.27
03.06.2016;-0.25;-0.26;-0.26
02.06.2016;-0.23;-0.24;-0.24
01.06.2016;-0.23;-0.24;-0.24
31.05.2016;-0.21;-0.22;-0.22
30.05.2016;-0.19;-0.21;-0.2
27.05.2016;-0.21;-0.22;-0.22
26.05.2016;-0.21;-0.22;-0.21
25.05.2016;-0.2;-0.21;-0.2
24.05.2016;-0.19;-0.21;-0.2
23.05.2016;-0.2;-0.22;-0.21
20.05.2016;-0.2;-0.21;-0.21
19.05.2016;-0.22;-0.23;-0.23
18.05.2016;-0.22;-0.24;-0.23
17.05.2016;-0.23;-0.25;-0.24
13.05.2016;-0.24;-0.26;-0.25
12.05.2016;-0.22;-0.24;-0.23
11.05.2016;-0.23;-0.25;-0.25
10.05.2016;-0.23;-0.25;-0.25
09.05.2016;-0.22;-0.24;-0.23
06.05.2016;-0.21;-0.23;-0.22
04.05.2016;-0.19;-0.21;-0.2
03.05.2016;-0.19;-0.21;-0.2
02.05.2016;-0.17;-0.19;-0.19
29.04.2016;-0.18;-0.2;-0.19
28.04.2016;-0.18;-0.2;-0.19
27.04.2016;-0.17;-0.19;-0.18
26.04.2016;-0.17;-0.19;-0.18
25.04.2016;-0.17;-0.19;-0.19
22.04.2016;-0.19;-0.21;-0.21
21.04.2016;-0.2;-0.22;-0.22
20.04.2016;-0.24;-0.26;-0.25
19.04.2016;-0.23;-0.25;-0.24
18.04.2016;-0.24;-0.26;-0.25
15.04.2016;-0.24;-0.26;-0.26
14.04.2016;-0.23;-0.25;-0.25
13.04.2016;-0.23;-0.25;-0.24
12.04.2016;-0.23;-0.25;-0.24
11.04.2016;-0.24;-0.26;-0.25
08.04.2016;-0.23;-0.25;-0.24
07.04.2016;-0.22;-0.24;-0.24
06.04.2016;-0.2;-0.22;-0.21
05.04.2016;-0.21;-0.23;-0.22
04.04.2016;-0.2;-0.22;-0.21
01.04.2016;-0.19;-0.21;-0.21
31.03.2016;-0.19;-0.21;-0.21
30.03.2016;-0.2;-0.22;-0.21
29.03.2016;-0.2;-0.22;-0.22
24.03.2016;-0.2;-0.22;-0.21
23.03.2016;-0.19;-0.22;-0.21
22.03.2016;-0.2;-0.22;-0.22
21.03.2016;-0.2;-0.22;-0.22
18.03.2016;-0.2;-0.22;-0.21
17.03.2016;-0.19;-0.21;-0.2
16.03.2016;-0.15;-0.17;-0.17
15.03.2016;-0.15;-0.17;-0.16
14.03.2016;-0.16;-0.18;-0.17
11.03.2016;-0.16;-0.18;-0.17
10.03.2016;-0.17;-0.2;-0.19
09.03.2016;-0.23;-0.25;-0.24
08.03.2016;-0.28;-0.3;-0.29
07.03.2016;-0.27;-0.29;-0.27
04.03.2016;-0.27;-0.29;-0.28
03.03.2016;-0.28;-0.3;-0.29
02.03.2016;-0.28;-0.3;-0.29
01.03.2016;-0.31;-0.33;-0.32
29.02.2016;-0.31;-0.33;-0.32
26.02.2016;-0.28;-0.3;-0.29
25.02.2016;-0.28;-0.3;-0.29
24.02.2016;-0.28;-0.31;-0.3
23.02.2016;-0.27;-0.29;-0.28
22.02.2016;-0.25;-0.27;-0.26
19.02.2016;-0.22;-0.24;-0.23
18.02.2016;-0.2;-0.22;-0.21
17.02.2016;-0.21;-0.23;-0.22
16.02.2016;-0.19;-0.21;-0.2
15.02.2016;-0.17;-0.19;-0.18
12.02.2016;-0.17;-0.19;-0.17
11.02.2016;-0.2;-0.22;-0.21
10.02.2016;-0.17;-0.19;-0.17
09.02.2016;-0.18;-0.2;-0.19
08.02.2016;-0.16;-0.18;-0.17
05.02.2016;-0.11;-0.12;-0.11
04.02.2016;-0.11;-0.12;-0.11
03.02.2016;-0.14;-0.16;-0.15
02.02.2016;-0.13;-0.14;-0.13
01.02.2016;-0.12;-0.14;-0.13
29.01.2016;-0.13;-0.13;-0.13
28.01.2016;-0.09;-0.09;-0.09
27.01.2016;-0.07;-0.08;-0.07
26.01.2016;-0.12;-0.12;-0.12
25.01.2016;-0.1;-0.11;-0.1
22.01.2016;-0.09;-0.09;-0.09
21.01.2016;-0.09;-0.09;-0.09
20.01.2016;-0.07;-0.08;-0.07
19.01.2016;-0.04;-0.05;-0.04
18.01.2016;-0.06;-0.06;-0.05
15.01.2016;-0.07;-0.07;-0.05
14.01.2016;-0.05;-0.05;-0.03
13.01.2016;-0.03;-0.04;-0.02
12.01.2016;0.01;0;0.02
11.01.2016;0;0;0.02
08.01.2016;0.01;0;0.02
07.01.2016;0.01;0;0.02
06.01.2016;0.01;0.01;0.03
05.01.2016;0.04;0.03;0.05
04.01.2016;0.06;0.06;0.08
30.12.2015;0.09;0.09;0.11
29.12.2015;0.07;0.07;0.09
28.12.2015;0.06;0.05;0.07
23.12.2015;0.08;0.07;0.09
22.12.2015;0.04;0.04;0.06
21.12.2015;0.02;0.01;0.03
18.12.2015;0.01;0;0.02
17.12.2015;0.02;0.01;0.04
16.12.2015;0.03;0.02;0.04
15.12.2015;0.04;0.04;0.07
14.12.2015;-0.02;-0.03;0
11.12.2015;-0.03;-0.03;-0.01
10.12.2015;-0.02;-0.03;-0.01
09.12.2015;-0.06;-0.06;-0.04
08.12.2015;-0.09;-0.09;-0.07
07.12.2015;-0.09;-0.1;-0.07
04.12.2015;-0.03;-0.04;-0.01
03.12.2015;-0.07;-0.08;-0.05
02.12.2015;-0.2;-0.2;-0.17
01.12.2015;-0.2;-0.2;-0.18
30.11.2015;-0.17;-0.17;-0.15
27.11.2015;-0.14;-0.14;-0.12
26.11.2015;-0.13;-0.14;-0.11
25.11.2015;-0.14;-0.14;-0.11
24.11.2015;-0.12;-0.12;-0.09
23.11.2015;-0.12;-0.12;-0.09
20.11.2015;-0.13;-0.14;-0.11
19.11.2015;-0.12;-0.13;-0.1
18.11.2015;-0.13;-0.14;-0.11
17.11.2015;-0.13;-0.14;-0.11
16.11.2015;-0.12;-0.13;-0.1
13.11.2015;-0.12;-0.13;-0.1
12.11.2015;-0.11;-0.11;-0.08
11.11.2015;-0.12;-0.12;-0.09
10.11.2015;-0.13;-0.13;-0.1
09.11.2015;-0.09;-0.1;-0.06
06.11.2015;-0.07;-0.08;-0.05
05.11.2015;-0.08;-0.08;-0.05
04.11.2015;-0.06;-0.06;-0.04
03.11.2015;-0.05;-0.06;-0.03
02.11.2015;-0.04;-0.04;-0.02
30.10.2015;-0.05;-0.05;-0.03
29.10.2015;-0.05;-0.05;-0.03
28.10.2015;-0.09;-0.1;-0.07
27.10.2015;-0.1;-0.1;-0.08
26.10.2015;-0.07;-0.07;-0.05
23.10.2015;-0.05;-0.06;-0.03
22.10.2015;-0.04;-0.04;-0.02
21.10.2015;0;0;0.02
20.10.2015;0.03;0.03;0.05
19.10.2015;0.02;0.01;0.03
16.10.2015;0.02;0.02;0.04
15.10.2015;0.03;0.03;0.05
14.10.2015;0.03;0.03;0.05
13.10.2015;0.06;0.05;0.07
12.10.2015;0.07;0.06;0.09
09.10.2015;0.06;0.06;0.08
08.10.2015;0.05;0.04;0.07
07.10.2015;0.05;0.04;0.07
06.10.2015;0.03;0.02;0.05
05.10.2015;0.01;0;0.03
02.10.2015;0.02;0.01;0.03
01.10.2015;0.05;0.04;0.06
30.09.2015;0.06;0.05;0.08
29.09.2015;0.07;0.06;0.08
28.09.2015;0.07;0.06;0.08
25.09.2015;0.1;0.09;0.11
24.09.2015;0.07;0.06;0.09
23.09.2015;0.1;0.09;0.12
22.09.2015;0.08;0.07;0.1
21.09.2015;0.12;0.11;0.14
18.09.2015;0.13;0.11;0.14
17.09.2015;0.17;0.16;0.19
16.09.2015;0.16;0.15;0.18
15.09.2015;0.15;0.14;0.17
14.09.2015;0.11;0.1;0.12
11.09.2015;0.11;0.1;0.12
10.09.2015;0.1;0.09;0.11
09.09.2015;0.08;0.08;0.1
08.09.2015;0.06;0.05;0.07
07.09.2015;0.06;0.05;0.07
04.09.2015;0.07;0.06;0.08
03.09.2015;0.09;0.08;0.1
02.09.2015;0.1;0.09;0.11
01.09.2015;0.11;0.1;0.12
31.08.2015;0.08;0.07;0.09
28.08.2015;0.07;0.06;0.08
27.08.2015;0.07;0.06;0.09
26.08.2015;0.06;0.05;0.07
25.08.2015;0.07;0.06;0.08
24.08.2015;0.02;0.01;0.03
21.08.2015;0.04;0.03;0.05
20.08.2015;0.04;0.03;0.06
19.08.2015;0.06;0.05;0.08
18.08.2015;0.06;0.05;0.07
17.08.2015;0.04;0.03;0.05
14.08.2015;0.07;0.06;0.09
13.08.2015;0.08;0.07;0.09
12.08.2015;0.06;0.05;0.08
11.08.2015;0.1;0.09;0.11
10.08.2015;0.11;0.11;0.13
07.08.2015;0.11;0.1;0.13
06.08.2015;0.13;0.12;0.15
05.08.2015;0.14;0.14;0.17
04.08.2015;0.11;0.1;0.13
03.08.2015;0.12;0.11;0.14
31.07.2015;0.13;0.12;0.13
30.07.2015;0.13;0.13;0.14
29.07.2015;0.13;0.13;0.14
28.07.2015;0.11;0.1;0.12
27.07.2015;0.09;0.08;0.1
24.07.2015;0.11;0.11;0.12
23.07.2015;0.14;0.13;0.15
22.07.2015;0.14;0.13;0.15
21.07.2015;0.17;0.16;0.18
20.07.2015;0.16;0.15;0.17
17.07.2015;0.18;0.17;0.19
16.07.2015;0.2;0.19;0.21
15.07.2015;0.19;0.18;0.2
14.07.2015;0.21;0.2;0.22
13.07.2015;0.21;0.2;0.22
10.07.2015;0.2;0.19;0.21
09.07.2015;0.15;0.14;0.15
08.07.2015;0.13;0.12;0.13
07.07.2015;0.13;0.12;0.14
06.07.2015;0.19;0.19;0.2
03.07.2015;0.22;0.21;0.23
02.07.2015;0.24;0.23;0.25
01.07.2015;0.23;0.22;0.24
30.06.2015;0.2;0.19;0.21
29.06.2015;0.2;0.19;0.21
26.06.2015;0.23;0.23;0.25
25.06.2015;0.21;0.21;0.23
24.06.2015;0.21;0.2;0.22
23.06.2015;0.23;0.23;0.25
22.06.2015;0.24;0.23;0.26
19.06.2015;0.19;0.19;0.21
18.06.2015;0.2;0.2;0.22
17.06.2015;0.19;0.19;0.21
16.06.2015;0.19;0.19;0.2
15.06.2015;0.19;0.18;0.2
12.06.2015;0.22;0.22;0.23
11.06.2015;0.25;0.24;0.26
10.06.2015;0.29;0.29;0.3
09.06.2015;0.28;0.27;0.29
08.06.2015;0.26;0.26;0.28
05.06.2015;0.24;0.23;0.25
04.06.2015;0.23;0.23;0.24
03.06.2015;0.2;0.19;0.21
02.06.2015;0.12;0.12;0.13
01.06.2015;0.08;0.08;0.09
29.05.2015;0.09;0.09;0.1
28.05.2015;0.13;0.12;0.13
27.05.2015;0.11;0.11;0.12
26.05.2015;0.12;0.11;0.12
22.05.2015;0.14;0.14;0.15
21.05.2015;0.14;0.14;0.15
20.05.2015;0.15;0.15;0.16
19.05.2015;0.12;0.12;0.13
18.05.2015;0.16;0.15;0.16
15.05.2015;0.17;0.16;0.17
13.05.2015;0.2;0.19;0.2
12.05.2015;0.18;0.18;0.19
11.05.2015;0.18;0.18;0.19
08.05.2015;0.18;0.17;0.18
07.05.2015;0.23;0.22;0.23
06.05.2015;0.22;0.21;0.22
05.05.2015;0.18;0.17;0.18
04.05.2015;0.15;0.14;0.15
30.04.2015;0.14;0.13;0.14
29.04.2015;0.09;0.08;0.08
28.04.2015;0.03;0.02;0.03
27.04.2015;0.01;0.01;0.01
24.04.2015;0.03;0.02;0.02
23.04.2015;0.01;0;0
22.04.2015;-0.03;-0.04;-0.04
21.04.2015;-0.03;-0.04;-0.04
20.04.2015;-0.04;-0.05;-0.05
17.04.2015;-0.03;-0.04;-0.04
16.04.2015;-0.02;-0.03;-0.02
15.04.2015;-0.01;-0.02;-0.01
14.04.2015;0.01;0;0.01
13.04.2015;0.03;0.02;0.03
10.04.2015;0.04;0.04;0.04
09.04.2015;0.06;0.06;0.06
08.04.2015;0.08;0.08;0.08
07.04.2015;0.09;0.08;0.09
02.04.2015;0.1;0.09;0.1
01.04.2015;0.1;0.09;0.1
31.03.2015;0.1;0.1;0.1
30.03.2015;0.11;0.11;0.11
27.03.2015;0.13;0.13;0.13
26.03.2015;0.12;0.12;0.12
25.03.2015;0.1;0.09;0.1
24.03.2015;0.1;0.09;0.1
23.03.2015;0.12;0.11;0.12
20.03.2015;0.12;0.11;0.11
19.03.2015;0.14;0.13;0.13
18.03.2015;0.1;0.09;0.09
17.03.2015;0.13;0.12;0.13
16.03.2015;0.13;0.12;0.12
13.03.2015;0.15;0.14;0.14
12.03.2015;0.13;0.12;0.12
11.03.2015;0.1;0.09;0.1
10.03.2015;0.16;0.15;0.16
09.03.2015;0.21;0.2;0.2
06.03.2015;0.25;0.24;0.24
05.03.2015;0.21;0.2;0.21
04.03.2015;0.17;0.16;0.17
03.03.2015;0.12;0.11;0.12
02.03.2015;0.09;0.08;0.09
27.02.2015;0.11;0.1;0.1
26.02.2015;0.11;0.1;0.11
25.02.2015;0.14;0.12;0.13
24.02.2015;0.15;0.14;0.14
23.02.2015;0.15;0.14;0.14
20.02.2015;0.11;0.09;0.1
19.02.2015;0.1;0.09;0.1
18.02.2015;0.09;0.08;0.09
17.02.2015;0.13;0.12;0.13
16.02.2015;0.12;0.11;0.12
13.02.2015;0.09;0.08;0.09
12.02.2015;0.08;0.07;0.08
11.02.2015;0.09;0.09;0.09
10.02.2015;0.06;0.05;0.05
09.02.2015;0.02;0.01;0.01
06.02.2015;0.03;0.02;0.02
05.02.2015;0.01;0;0
04.02.2015;0.03;0.02;0.02
03.02.2015;0.01;0;0
02.02.2015;-0.02;-0.03;-0.03
30.01.2015;0.05;0.01;0.01
29.01.2015;0.05;0.01;0.01
28.01.2015;0.08;0.04;0.03
27.01.2015;0.05;0.01;0.01
26.01.2015;-0.1;-0.14;-0.13
23.01.2015;-0.15;-0.19;-0.19
22.01.2015;-0.09;-0.14;-0.13
21.01.2015;-0.02;-0.07;-0.07
20.01.2015;-0.01;-0.06;-0.05
19.01.2015;0.01;-0.04;-0.04
16.01.2015;0.1;0.05;0.05
15.01.2015;0.18;0.13;0.14
14.01.2015;0.25;0.21;0.21
13.01.2015;0.29;0.24;0.25
12.01.2015;0.3;0.25;0.26
09.01.2015;0.31;0.27;0.28
08.01.2015;0.31;0.26;0.27
07.01.2015;0.32;0.27;0.27
06.01.2015;0.37;0.32;0.33
05.01.2015;0.39;0.35;0.35
30.12.2014;0.44;0.41;0.41
29.12.2014;0.43;0.4;0.41
23.12.2014;0.46;0.42;0.43
22.12.2014;0.45;0.41;0.42
19.12.2014;0.46;0.42;0.43
18.12.2014;0.46;0.41;0.42
17.12.2014;0.49;0.44;0.45
16.12.2014;0.5;0.44;0.45
15.12.2014;0.51;0.46;0.47
12.12.2014;0.5;0.46;0.47
11.12.2014;0.52;0.48;0.49
10.12.2014;0.52;0.49;0.5
09.12.2014;0.54;0.51;0.52
08.12.2014;0.56;0.53;0.54
05.12.2014;0.57;0.54;0.55
04.12.2014;0.57;0.54;0.54
03.12.2014;0.56;0.53;0.54
02.12.2014;0.56;0.53;0.54
01.12.2014;0.55;0.52;0.53
28.11.2014;0.55;0.52;0.53
27.11.2014;0.57;0.55;0.56
26.11.2014;0.56;0.54;0.55
25.11.2014;0.57;0.55;0.56
24.11.2014;0.58;0.55;0.57
21.11.2014;0.58;0.56;0.57
20.11.2014;0.58;0.56;0.57
19.11.2014;0.6;0.58;0.59
18.11.2014;0.59;0.57;0.58
17.11.2014;0.59;0.57;0.58
14.11.2014;0.59;0.56;0.57
13.11.2014;0.59;0.57;0.58
12.11.2014;0.58;0.56;0.57
11.11.2014;0.62;0.59;0.61
10.11.2014;0.62;0.6;0.61
07.11.2014;0.64;0.61;0.63
06.11.2014;0.65;0.62;0.63
05.11.2014;0.64;0.62;0.63
04.11.2014;0.64;0.62;0.63
03.11.2014;0.65;0.62;0.64
31.10.2014;0.66;0.63;0.65
30.10.2014;0.65;0.63;0.64
29.10.2014;0.67;0.64;0.65
28.10.2014;0.66;0.63;0.64
27.10.2014;0.66;0.63;0.65
24.10.2014;0.67;0.64;0.65
23.10.2014;0.68;0.65;0.66
22.10.2014;0.67;0.64;0.66
21.10.2014;0.68;0.65;0.66
20.10.2014;0.67;0.64;0.66
17.10.2014;0.68;0.65;0.67
16.10.2014;0.66;0.63;0.64
15.10.2014;0.62;0.59;0.6
14.10.2014;0.64;0.62;0.63
13.10.2014;0.66;0.63;0.65
10.10.2014;0.67;0.64;0.65
09.10.2014;0.66;0.63;0.65
08.10.2014;0.67;0.64;0.65
07.10.2014;0.69;0.66;0.67
06.10.2014;0.67;0.65;0.66
03.10.2014;0.69;0.67;0.68
02.10.2014;0.7;0.67;0.69
01.10.2014;0.69;0.66;0.67
30.09.2014;0.7;0.67;0.69
29.09.2014;0.68;0.66;0.67
26.09.2014;0.68;0.66;0.67
25.09.2014;0.68;0.65;0.67
24.09.2014;0.68;0.65;0.67
23.09.2014;0.68;0.65;0.67
22.09.2014;0.68;0.65;0.67
19.09.2014;0.7;0.67;0.69
18.09.2014;0.72;0.69;0.71
17.09.2014;0.7;0.67;0.69
16.09.2014;0.7;0.67;0.69
15.09.2014;0.7;0.67;0.69
12.09.2014;0.71;0.69;0.7
11.09.2014;0.7;0.67;0.69
10.09.2014;0.71;0.68;0.7
09.09.2014;0.72;0.69;0.71
08.09.2014;0.67;0.65;0.66
05.09.2014;0.69;0.66;0.68
04.09.2014;0.7;0.68;0.69
03.09.2014;0.7;0.67;0.69
02.09.2014;0.68;0.65;0.67
01.09.2014;0.64;0.62;0.63
29.08.2014;0.66;0.63;0.65
28.08.2014;0.65;0.63;0.64
27.08.2014;0.67;0.65;0.66
26.08.2014;0.7;0.67;0.69
25.08.2014;0.68;0.65;0.67
22.08.2014;0.69;0.67;0.68
21.08.2014;0.7;0.67;0.69
20.08.2014;0.69;0.67;0.68
19.08.2014;0.7;0.67;0.69
18.08.2014;0.71;0.68;0.7
15.08.2014;0.69;0.66;0.68
14.08.2014;0.7;0.68;0.69
13.08.2014;0.71;0.68;0.7
12.08.2014;0.72;0.69;0.71
11.08.2014;0.73;0.7;0.72
08.08.2014;0.74;0.71;0.73
07.08.2014;0.75;0.72;0.74
06.08.2014;0.76;0.73;0.75
05.08.2014;0.78;0.76;0.78
04.08.2014;0.77;0.74;0.77
31.07.2014;0.79;0.77;0.79
30.07.2014;0.77;0.75;0.77
29.07.2014;0.75;0.72;0.74
28.07.2014;0.76;0.73;0.75
25.07.2014;0.77;0.74;0.76
24.07.2014;0.77;0.75;0.77
23.07.2014;0.76;0.74;0.76
22.07.2014;0.77;0.75;0.77
21.07.2014;0.77;0.75;0.77
18.07.2014;0.79;0.76;0.78
17.07.2014;0.81;0.79;0.81
16.07.2014;0.81;0.79;0.82
15.07.2014;0.82;0.8;0.82
14.07.2014;0.82;0.8;0.83
11.07.2014;0.8;0.79;0.81
10.07.2014;0.81;0.79;0.82
09.07.2014;0.83;0.81;0.84
08.07.2014;0.83;0.81;0.83
07.07.2014;0.85;0.83;0.86
04.07.2014;0.86;0.84;0.87
03.07.2014;0.87;0.86;0.88
02.07.2014;0.86;0.84;0.87
01.07.2014;0.85;0.83;0.86
30.06.2014;0.83;0.81;0.84
27.06.2014;0.83;0.82;0.84
26.06.2014;0.82;0.8;0.83
25.06.2014;0.85;0.83;0.85
24.06.2014;0.87;0.85;0.87
23.06.2014;0.86;0.84;0.87
20.06.2014;0.87;0.85;0.87
19.06.2014;0.87;0.85;0.87
18.06.2014;0.89;0.87;0.89
17.06.2014;0.9;0.88;0.9
16.06.2014;0.88;0.86;0.88
13.06.2014;0.89;0.87;0.89
12.06.2014;0.89;0.87;0.89
11.06.2014;0.91;0.89;0.91
10.06.2014;0.89;0.87;0.9
06.06.2014;0.86;0.84;0.86
05.06.2014;0.9;0.87;0.9
04.06.2014;0.91;0.88;0.9
03.06.2014;0.89;0.87;0.89
02.06.2014;0.87;0.84;0.87
30.05.2014;0.87;0.84;0.87
28.05.2014;0.86;0.84;0.86
27.05.2014;0.88;0.85;0.88
26.05.2014;0.9;0.87;0.89
23.05.2014;0.9;0.87;0.89
22.05.2014;0.9;0.88;0.9
21.05.2014;0.91;0.89;0.91
20.05.2014;0.9;0.88;0.9
19.05.2014;0.88;0.85;0.87
16.05.2014;0.87;0.84;0.86
15.05.2014;0.83;0.8;0.82
14.05.2014;0.86;0.83;0.85
13.05.2014;0.91;0.88;0.91
12.05.2014;0.94;0.91;0.93
09.05.2014;0.94;0.91;0.94
08.05.2014;0.95;0.92;0.94
07.05.2014;0.97;0.94;0.96
06.05.2014;0.97;0.94;0.96
05.05.2014;0.97;0.94;0.96
02.05.2014;0.97;0.94;0.96
30.04.2014;0.96;0.93;0.95
29.04.2014;0.98;0.95;0.97
28.04.2014;0.97;0.94;0.96
25.04.2014;0.97;0.94;0.96
24.04.2014;0.98;0.95;0.97
23.04.2014;0.99;0.96;0.98
22.04.2014;0.99;0.96;0.99
17.04.2014;0.98;0.95;0.98
16.04.2014;0.97;0.94;0.96
15.04.2014;0.96;0.93;0.95
14.04.2014;0.98;0.95;0.97
11.04.2014;0.99;0.96;0.98
10.04.2014;1;0.97;1
09.04.2014;1.03;1;1.02
08.04.2014;1.01;0.98;1.01
07.04.2014;1.01;0.98;1
04.04.2014;1.03;1;1.03
03.04.2014;1.05;1.02;1.05
02.04.2014;1.07;1.04;1.07
01.04.2014;1.06;1.03;1.06
31.03.2014;1.06;1.03;1.05
28.03.2014;1.05;1.01;1.04
27.03.2014;1.04;1.01;1.04
26.03.2014;1.06;1.03;1.05
25.03.2014;1.05;1.01;1.04
24.03.2014;1.08;1.05;1.08
21.03.2014;1.1;1.06;1.09
20.03.2014;1.1;1.07;1.09
19.03.2014;1.07;1.04;1.06
18.03.2014;1.06;1.03;1.06
17.03.2014;1.06;1.03;1.05
14.03.2014;1.05;1.02;1.04
13.03.2014;1.06;1.03;1.05
12.03.2014;1.08;1.05;1.07
11.03.2014;1.09;1.06;1.08
10.03.2014;1.1;1.07;1.09
07.03.2014;1.11;1.08;1.11
06.03.2014;1.1;1.07;1.1
05.03.2014;1.07;1.04;1.07
04.03.2014;1.07;1.03;1.06
03.03.2014;1.04;1.01;1.04
28.02.2014;1.08;1.05;1.08
27.02.2014;1.04;1.01;1.04
26.02.2014;1.06;1.03;1.06
25.02.2014;1.07;1.04;1.07
24.02.2014;1.07;1.04;1.07
21.02.2014;1.07;1.05;1.08
20.02.2014;1.08;1.06;1.09
19.02.2014;1.06;1.04;1.07
18.02.2014;1.07;1.05;1.08
17.02.2014;1.09;1.06;1.09
14.02.2014;1.09;1.06;1.09
13.02.2014;1.08;1.05;1.08
12.02.2014;1.1;1.07;1.1
11.02.2014;1.09;1.06;1.09
10.02.2014;1.08;1.05;1.09
07.02.2014;1.08;1.05;1.08
06.02.2014;1.09;1.06;1.09
05.02.2014;1.06;1.03;1.06
04.02.2014;1.07;1.05;1.08
03.02.2014;1.09;1.06;1.09
31.01.2014;1.07;1.04;1.07
30.01.2014;1.1;1.08;1.11
29.01.2014;1.12;1.1;1.13
28.01.2014;1.14;1.11;1.15
27.01.2014;1.14;1.11;1.14
24.01.2014;1.13;1.1;1.13
23.01.2014;1.14;1.12;1.15
22.01.2014;1.17;1.14;1.17
21.01.2014;1.17;1.15;1.18
20.01.2014;1.19;1.17;1.2
17.01.2014;1.22;1.19;1.22
16.01.2014;1.22;1.19;1.23
15.01.2014;1.23;1.21;1.24
14.01.2014;1.23;1.2;1.24
13.01.2014;1.24;1.21;1.24
10.01.2014;1.26;1.23;1.26
09.01.2014;1.26;1.23;1.27
08.01.2014;1.26;1.22;1.26
07.01.2014;1.25;1.22;1.25
06.01.2014;1.28;1.24;1.28
03.01.2014;1.31;1.27;1.31
30.12.2013;1.32;1.28;1.32
27.12.2013;1.33;1.29;1.32
23.12.2013;1.3;1.26;1.3
20.12.2013;1.3;1.26;1.3
19.12.2013;1.3;1.27;1.3
18.12.2013;1.28;1.24;1.27
17.12.2013;1.26;1.22;1.26
16.12.2013;1.25;1.21;1.24
13.12.2013;1.24;1.2;1.23
12.12.2013;1.23;1.19;1.22
11.12.2013;1.23;1.19;1.23
10.12.2013;1.24;1.2;1.23
09.12.2013;1.24;1.2;1.23
06.12.2013;1.24;1.2;1.24
05.12.2013;1.24;1.19;1.23
04.12.2013;1.21;1.16;1.2
03.12.2013;1.18;1.14;1.17
02.12.2013;1.17;1.13;1.16
29.11.2013;1.15;1.1;1.13
28.11.2013;1.14;1.1;1.13
27.11.2013;1.13;1.08;1.11
26.11.2013;1.13;1.09;1.12
25.11.2013;1.15;1.1;1.14
22.11.2013;1.17;1.13;1.16
21.11.2013;1.18;1.13;1.16
20.11.2013;1.18;1.13;1.16
19.11.2013;1.18;1.13;1.16
18.11.2013;1.17;1.13;1.16
15.11.2013;1.19;1.14;1.17
14.11.2013;1.19;1.15;1.18
13.11.2013;1.21;1.16;1.2
12.11.2013;1.22;1.17;1.2
11.11.2013;1.18;1.13;1.16
08.11.2013;1.19;1.14;1.17
07.11.2013;1.17;1.12;1.15
06.11.2013;1.2;1.15;1.18
05.11.2013;1.2;1.15;1.18
04.11.2013;1.18;1.13;1.15
01.11.2013;1.19;1.14;1.17
31.10.2013;1.17;1.12;1.15
30.10.2013;1.18;1.13;1.16
29.10.2013;1.21;1.16;1.19
28.10.2013;1.21;1.16;1.19
25.10.2013;1.21;1.16;1.19
24.10.2013;1.21;1.16;1.19
23.10.2013;1.22;1.17;1.19
22.10.2013;1.23;1.17;1.2
21.10.2013;1.25;1.2;1.23
18.10.2013;1.25;1.2;1.23
17.10.2013;1.28;1.22;1.25
16.10.2013;1.29;1.24;1.27
15.10.2013;1.29;1.24;1.27
14.10.2013;1.26;1.2;1.23
11.10.2013;1.25;1.19;1.22
10.10.2013;1.25;1.19;1.22
09.10.2013;1.24;1.18;1.2
08.10.2013;1.25;1.19;1.22
07.10.2013;1.25;1.19;1.22
04.10.2013;1.27;1.21;1.24
03.10.2013;1.26;1.2;1.23
02.10.2013;1.25;1.19;1.22
01.10.2013;1.26;1.19;1.22
30.09.2013;1.25;1.18;1.21
27.09.2013;1.26;1.2;1.22
26.09.2013;1.28;1.22;1.25
25.09.2013;1.28;1.22;1.25
24.09.2013;1.29;1.23;1.26
23.09.2013;1.31;1.26;1.28
20.09.2013;1.32;1.26;1.29
19.09.2013;1.3;1.25;1.27
18.09.2013;1.33;1.27;1.3
17.09.2013;1.33;1.27;1.3
16.09.2013;1.33;1.27;1.3
13.09.2013;1.36;1.3;1.33
12.09.2013;1.37;1.31;1.34
11.09.2013;1.39;1.33;1.36
10.09.2013;1.42;1.36;1.39
09.09.2013;1.37;1.31;1.35
06.09.2013;1.36;1.3;1.33
05.09.2013;1.4;1.34;1.37
04.09.2013;1.35;1.29;1.32
03.09.2013;1.35;1.29;1.32
02.09.2013;1.35;1.28;1.31
30.08.2013;1.32;1.26;1.29
29.08.2013;1.33;1.27;1.3
28.08.2013;1.35;1.29;1.32
27.08.2013;1.35;1.29;1.32
26.08.2013;1.38;1.31;1.34
23.08.2013;1.4;1.34;1.37
22.08.2013;1.38;1.31;1.34
21.08.2013;1.35;1.29;1.32
20.08.2013;1.35;1.28;1.32
19.08.2013;1.37;1.31;1.34
16.08.2013;1.35;1.29;1.32
15.08.2013;1.36;1.3;1.33
14.08.2013;1.33;1.27;1.3
13.08.2013;1.31;1.24;1.27
12.08.2013;1.27;1.21;1.23
09.08.2013;1.28;1.21;1.24
08.08.2013;1.28;1.21;1.24
07.08.2013;1.28;1.22;1.24
06.08.2013;1.3;1.23;1.26
05.08.2013;1.29;1.23;1.25
02.08.2013;1.28;1.21;1.24
31.07.2013;1.28;1.21;1.23
30.07.2013;1.27;1.2;1.22
29.07.2013;1.27;1.2;1.23
26.07.2013;1.29;1.21;1.24
25.07.2013;1.29;1.22;1.25
24.07.2013;1.29;1.22;1.24
23.07.2013;1.26;1.19;1.21
22.07.2013;1.24;1.17;1.19
19.07.2013;1.25;1.18;1.2
18.07.2013;1.26;1.19;1.21
17.07.2013;1.28;1.2;1.23
16.07.2013;1.27;1.2;1.22
15.07.2013;1.28;1.2;1.23
12.07.2013;1.26;1.19;1.21
11.07.2013;1.28;1.21;1.24
10.07.2013;1.29;1.22;1.25
09.07.2013;1.3;1.23;1.26
08.07.2013;1.3;1.23;1.26
05.07.2013;1.32;1.24;1.27
04.07.2013;1.3;1.23;1.25
03.07.2013;1.31;1.23;1.25
02.07.2013;1.32;1.25;1.27
01.07.2013;1.35;1.27;1.3
28.06.2013;1.36;1.28;1.3
27.06.2013;1.35;1.27;1.29
26.06.2013;1.37;1.29;1.32
25.06.2013;1.41;1.33;1.35
24.06.2013;1.45;1.37;1.39
21.06.2013;1.27;1.2;1.22
20.06.2013;1.25;1.18;1.2
19.06.2013;1.17;1.09;1.11
18.06.2013;1.17;1.1;1.12
17.06.2013;1.17;1.09;1.12
14.06.2013;1.18;1.11;1.13
13.06.2013;1.2;1.12;1.14
12.06.2013;1.21;1.14;1.16
11.06.2013;1.22;1.15;1.17
10.06.2013;1.16;1.09;1.11
07.06.2013;1.14;1.07;1.09
06.06.2013;1.13;1.06;1.08
05.06.2013;1.12;1.05;1.08
04.06.2013;1.1;1.04;1.07
03.06.2013;1.1;1.04;1.06
31.05.2013;1.08;1.02;1.04
30.05.2013;1.06;1;1.03
29.05.2013;1.07;1.01;1.03
28.05.2013;1.01;0.95;0.98
27.05.2013;1;0.94;0.96
24.05.2013;1;0.94;0.96
23.05.2013;0.99;0.93;0.96
22.05.2013;0.99;0.93;0.95
21.05.2013;1.01;0.95;0.97
17.05.2013;0.98;0.93;0.95
16.05.2013;1;0.94;0.96
15.05.2013;1;0.94;0.96
14.05.2013;0.98;0.92;0.94
13.05.2013;0.98;0.92;0.94
10.05.2013;0.98;0.92;0.94
08.05.2013;0.96;0.9;0.91
07.05.2013;0.98;0.92;0.94
06.05.2013;0.97;0.9;0.92
03.05.2013;0.97;0.9;0.91
02.05.2013;0.95;0.88;0.89
30.04.2013;0.95;0.88;0.9
29.04.2013;0.95;0.88;0.9
26.04.2013;0.96;0.88;0.89
25.04.2013;0.98;0.9;0.92
24.04.2013;0.98;0.9;0.92
23.04.2013;0.98;0.89;0.91
22.04.2013;1;0.91;0.93
19.04.2013;1.01;0.92;0.94
18.04.2013;1.01;0.92;0.93
17.04.2013;1.01;0.92;0.93
16.04.2013;1.03;0.93;0.95
15.04.2013;1.04;0.95;0.96
12.04.2013;1.06;0.96;0.98
11.04.2013;1.07;0.98;0.99
10.04.2013;1.06;0.97;0.98
09.04.2013;1.06;0.97;0.98
08.04.2013;1.05;0.95;0.97
05.04.2013;1.04;0.94;0.96
04.04.2013;1.04;0.95;0.96
03.04.2013;1.05;0.96;0.97
02.04.2013;1.06;0.96;0.98
28.03.2013;1.07;0.97;0.99
27.03.2013;1.07;0.97;0.99
26.03.2013;1.07;0.97;0.99
25.03.2013;1.06;0.96;0.98
22.03.2013;1.06;0.97;0.99
21.03.2013;1.06;0.97;0.99
20.03.2013;1.07;0.98;1
19.03.2013;1.05;0.96;0.98
18.03.2013;1.09;0.99;1.01
15.03.2013;1.11;1.02;1.04
14.03.2013;1.12;1.03;1.05
13.03.2013;1.1;1.02;1.03
12.03.2013;1.09;1;1.02
11.03.2013;1.09;1;1.02
08.03.2013;1.09;1;1.02
07.03.2013;1.09;0.99;1.01
06.03.2013;1.07;0.97;1
05.03.2013;1.07;0.98;1
04.03.2013;1.06;0.97;0.99
01.03.2013;1.06;0.96;0.98
28.02.2013;1.05;0.95;0.97
27.02.2013;1.06;0.97;0.99
26.02.2013;1.09;0.99;1.01
25.02.2013;1.11;1.02;1.04
22.02.2013;1.11;1.02;1.04
21.02.2013;1.12;1.03;1.05
20.02.2013;1.14;1.05;1.07
19.02.2013;1.12;1.02;1.04
18.02.2013;1.12;1.02;1.04
15.02.2013;1.13;1.03;1.05
14.02.2013;1.12;1.03;1.05
13.02.2013;1.14;1.04;1.06
12.02.2013;1.12;1.02;1.04
11.02.2013;1.11;1.01;1.03
08.02.2013;1.13;1.03;1.05
07.02.2013;1.13;1.04;1.05
06.02.2013;1.13;1.04;1.05
05.02.2013;1.13;1.03;1.05
04.02.2013;1.14;1.05;1.07
01.02.2013;1.15;1.05;1.07
31.01.2013;1.16;1.06;1.08
30.01.2013;1.17;1.08;1.09
29.01.2013;1.14;1.04;1.06
28.01.2013;1.16;1.07;1.08
25.01.2013;1.11;1.02;1.04
24.01.2013;1.07;0.98;0.99
23.01.2013;1.07;0.98;0.99
22.01.2013;1.08;0.98;1
21.01.2013;1.09;0.99;1.01
18.01.2013;1.09;0.99;1.01
17.01.2013;1.09;0.99;1.01
16.01.2013;1.05;0.95;0.97
15.01.2013;1.06;0.96;0.97
14.01.2013;1.07;0.97;0.99
11.01.2013;1.08;0.98;1
10.01.2013;1.06;0.95;0.97
09.01.2013;1.04;0.93;0.95
08.01.2013;1.04;0.93;0.95
07.01.2013;1.06;0.94;0.96
04.01.2013;1.08;0.97;0.98
03.01.2013;1.05;0.94;0.95
28.12.2012;1.02;0.9;0.92
27.12.2012;1.03;0.91;0.92
21.12.2012;1.03;0.91;0.92
20.12.2012;1.03;0.91;0.92
19.12.2012;1.03;0.91;0.92
18.12.2012;1.01;0.89;0.9
17.12.2012;1.01;0.89;0.9
14.12.2012;1.01;0.89;0.9
13.12.2012;0.99;0.86;0.88
12.12.2012;0.96;0.84;0.85
11.12.2012;0.94;0.81;0.82
10.12.2012;0.94;0.81;0.82
07.12.2012;0.94;0.83;0.83
06.12.2012;0.95;0.83;0.84
05.12.2012;0.97;0.85;0.86
04.12.2012;0.98;0.85;0.87
03.12.2012;1.01;0.88;0.89
30.11.2012;1.01;0.93;0.89
29.11.2012;1.02;0.94;0.9
28.11.2012;1.02;0.94;0.89
27.11.2012;1.04;0.95;0.91
26.11.2012;1.03;0.94;0.9
23.11.2012;1.04;0.96;0.92
22.11.2012;1.04;0.96;0.92
21.11.2012;1.05;0.96;0.92
20.11.2012;1.02;0.94;0.9
19.11.2012;1.01;0.92;0.88
16.11.2012;1;0.92;0.87
15.11.2012;1;0.91;0.87
14.11.2012;0.99;0.91;0.86
13.11.2012;0.98;0.9;0.85
12.11.2012;0.99;0.91;0.86
09.11.2012;0.99;0.91;0.86
08.11.2012;1.01;0.92;0.88
07.11.2012;1.02;0.93;0.89
06.11.2012;1.02;0.94;0.9
05.11.2012;1.03;0.94;0.9
02.11.2012;1.03;0.94;0.9
01.11.2012;1.03;0.95;0.9
31.10.2012;1.03;0.95;0.9
30.10.2012;1.03;0.95;0.9
29.10.2012;1.03;0.94;0.89
26.10.2012;1.04;0.95;0.91
25.10.2012;1.04;0.95;0.91
24.10.2012;1.03;0.95;0.9
23.10.2012;1.03;0.94;0.89
22.10.2012;1.05;0.96;0.91
19.10.2012;1.06;0.97;0.93
18.10.2012;1.07;0.98;0.93
17.10.2012;1.07;0.98;0.93
16.10.2012;1.05;0.97;0.91
15.10.2012;1.04;0.95;0.9
12.10.2012;1.05;0.96;0.9
11.10.2012;1.06;0.97;0.92
10.10.2012;1.06;0.97;0.91
09.10.2012;1.06;0.97;0.91
08.10.2012;1.07;0.98;0.92
05.10.2012;1.08;0.99;0.93
04.10.2012;1.06;0.97;0.91
03.10.2012;1.06;0.97;0.91
02.10.2012;1.08;0.99;0.93
01.10.2012;1.09;1;0.94
28.09.2012;1.09;0.99;0.93
27.09.2012;1.1;1;0.94
26.09.2012;1.11;1.01;0.94
25.09.2012;1.11;1.01;0.95
24.09.2012;1.1;1;0.94
21.09.2012;1.1;1.01;0.95
20.09.2012;1.1;1.01;0.94
19.09.2012;1.11;1.02;0.96
18.09.2012;1.11;1.01;0.95
17.09.2012;1.14;1.04;0.98
14.09.2012;1.14;1.05;0.99
13.09.2012;1.11;1.01;0.95
12.09.2012;1.14;1.04;0.98
11.09.2012;1.12;1.02;0.95
10.09.2012;1.13;1.04;0.98
07.09.2012;1.14;1.05;0.98
06.09.2012;1.14;1.03;0.96
05.09.2012;1.11;1;0.92
04.09.2012;1.12;1.01;0.93
03.09.2012;1.12;1.01;0.93
31.08.2012;1.11;1.01;0.93
30.08.2012;1.09;0.99;0.91
29.08.2012;1.13;1.03;0.95
28.08.2012;1.14;1.03;0.95
27.08.2012;1.15;1.05;0.97
24.08.2012;1.13;1.03;0.95
23.08.2012;1.14;1.03;0.95
22.08.2012;1.16;1.05;0.97
21.08.2012;1.18;1.07;0.99
20.08.2012;1.18;1.07;0.99
17.08.2012;1.19;1.08;0.99
16.08.2012;1.19;1.08;1
15.08.2012;1.22;1.11;1.03
14.08.2012;1.2;1.09;1
13.08.2012;1.2;1.08;1
10.08.2012;1.21;1.09;1.01
09.08.2012;1.22;1.1;1.02
08.08.2012;1.23;1.11;1.02
07.08.2012;1.23;1.11;1.02
06.08.2012;1.23;1.11;1.01
03.08.2012;1.25;1.12;1.02
02.08.2012;1.21;1.09;0.97
31.07.2012;1.22;1.1;0.99
30.07.2012;1.27;1.14;1.03
27.07.2012;1.3;1.17;1.06
26.07.2012;1.29;1.16;1.04
25.07.2012;1.29;1.16;1.04
24.07.2012;1.28;1.16;1.04
23.07.2012;1.27;1.15;1.03
20.07.2012;1.26;1.14;1.02
19.07.2012;1.29;1.17;1.05
18.07.2012;1.28;1.17;1.05
17.07.2012;1.28;1.16;1.05
16.07.2012;1.26;1.15;1.03
13.07.2012;1.27;1.15;1.03
12.07.2012;1.25;1.13;1.02
11.07.2012;1.26;1.15;1.03
10.07.2012;1.27;1.15;1.04
09.07.2012;1.27;1.15;1.04
06.07.2012;1.27;1.15;1.04
05.07.2012;1.31;1.19;1.08
04.07.2012;1.35;1.23;1.12
03.07.2012;1.36;1.24;1.13
02.07.2012;1.37;1.25;1.14
29.06.2012;1.39;1.27;1.16
28.06.2012;1.37;1.24;1.12
27.06.2012;1.39;1.26;1.14
26.06.2012;1.38;1.25;1.13
25.06.2012;1.35;1.22;1.1
22.06.2012;1.36;1.24;1.12
21.06.2012;1.35;1.23;1.1
20.06.2012;1.39;1.26;1.14
19.06.2012;1.37;1.25;1.12
18.06.2012;1.36;1.24;1.11
15.06.2012;1.38;1.25;1.12
14.06.2012;1.36;1.24;1.1
13.06.2012;1.37;1.24;1.11
12.06.2012;1.37;1.24;1.11
11.06.2012;1.37;1.25;1.12
08.06.2012;1.43;1.3;1.17
07.06.2012;1.45;1.32;1.19
06.06.2012;1.43;1.3;1.17
05.06.2012;1.38;1.25;1.12
04.06.2012;1.39;1.26;1.13
01.06.2012;1.36;1.23;1.1
31.05.2012;1.42;1.38;1.12
30.05.2012;1.45;1.4;1.14
29.05.2012;1.44;1.39;1.15
25.05.2012;1.46;1.42;1.17
24.05.2012;1.46;1.42;1.17
23.05.2012;1.45;1.41;1.15
22.05.2012;1.51;1.46;1.21
21.05.2012;1.49;1.45;1.19
18.05.2012;1.45;1.41;1.16
16.05.2012;1.48;1.44;1.2
15.05.2012;1.45;1.42;1.19
14.05.2012;1.43;1.4;1.17
11.05.2012;1.46;1.42;1.21
10.05.2012;1.46;1.42;1.21
09.05.2012;1.43;1.4;1.18
08.05.2012;1.45;1.42;1.21
07.05.2012;1.46;1.43;1.22
04.05.2012;1.46;1.43;1.22
03.05.2012;1.49;1.45;1.24
02.05.2012;1.5;1.46;1.25
30.04.2012;1.5;1.46;1.26
27.04.2012;1.51;1.48;1.27
26.04.2012;1.5;1.46;1.26
25.04.2012;1.53;1.49;1.29
24.04.2012;1.53;1.5;1.29
23.04.2012;1.51;1.48;1.27
20.04.2012;1.53;1.5;1.3
19.04.2012;1.5;1.47;1.26
18.04.2012;1.5;1.47;1.27
17.04.2012;1.5;1.47;1.27
16.04.2012;1.47;1.44;1.24
13.04.2012;1.47;1.44;1.24
12.04.2012;1.48;1.45;1.25
11.04.2012;1.48;1.45;1.25
10.04.2012;1.44;1.41;1.22
05.04.2012;1.49;1.46;1.27
04.04.2012;1.52;1.49;1.31
03.04.2012;1.51;1.48;1.31
02.04.2012;1.48;1.45;1.28
30.03.2012;1.47;1.44;1.27
29.03.2012;1.48;1.45;1.28
28.03.2012;1.49;1.46;1.29
27.03.2012;1.51;1.48;1.31
26.03.2012;1.51;1.48;1.31
23.03.2012;1.5;1.47;1.3
22.03.2012;1.53;1.5;1.33
21.03.2012;1.57;1.53;1.37
20.03.2012;1.57;1.54;1.38
19.03.2012;1.57;1.54;1.37
16.03.2012;1.59;1.56;1.39
15.03.2012;1.56;1.52;1.35
14.03.2012;1.53;1.5;1.32
13.03.2012;1.48;1.45;1.27
12.03.2012;1.48;1.45;1.27
09.03.2012;1.5;1.47;1.29
08.03.2012;1.5;1.47;1.29
07.03.2012;1.5;1.46;1.28
06.03.2012;1.5;1.47;1.28
05.03.2012;1.51;1.48;1.29
02.03.2012;1.51;1.49;1.3
01.03.2012;1.54;1.51;1.32
29.02.2012;1.53;1.5;1.33
28.02.2012;1.55;1.52;1.34
27.02.2012;1.57;1.54;1.35
24.02.2012;1.62;1.59;1.4
23.02.2012;1.62;1.59;1.4
22.02.2012;1.64;1.61;1.42
21.02.2012;1.67;1.64;1.45
20.02.2012;1.66;1.63;1.44
17.02.2012;1.64;1.61;1.42
16.02.2012;1.62;1.59;1.4
15.02.2012;1.62;1.59;1.4
14.02.2012;1.65;1.62;1.43
13.02.2012;1.68;1.65;1.46
10.02.2012;1.69;1.66;1.47
09.02.2012;1.71;1.68;1.48
08.02.2012;1.72;1.68;1.48
07.02.2012;1.71;1.68;1.47
06.02.2012;1.7;1.66;1.46
03.02.2012;1.71;1.68;1.47
02.02.2012;1.67;1.63;1.42
01.02.2012;1.67;1.63;1.41
31.01.2012;1.7;1.66;1.44
30.01.2012;1.71;1.67;1.45
27.01.2012;1.74;1.7;1.47
26.01.2012;1.75;1.71;1.48
25.01.2012;1.78;1.74;1.51
24.01.2012;1.79;1.75;1.52
23.01.2012;1.79;1.75;1.52
20.01.2012;1.78;1.74;1.5
19.01.2012;1.77;1.72;1.48
18.01.2012;1.75;1.7;1.46
17.01.2012;1.75;1.7;1.45
16.01.2012;1.76;1.71;1.46
13.01.2012;1.74;1.7;1.46
12.01.2012;1.77;1.73;1.48
11.01.2012;1.8;1.75;1.5
10.01.2012;1.83;1.79;1.53
09.01.2012;1.82;1.78;1.52
06.01.2012;1.81;1.76;1.51
05.01.2012;1.73;1.69;1.43
04.01.2012;1.82;1.77;1.51
03.01.2012;1.85;1.8;1.54
30.12.2011;1.95;1.88;1.62
29.12.2011;1.97;1.9;1.65
28.12.2011;1.99;1.93;1.67
27.12.2011;1.99;1.93;1.67
23.12.2011;2;1.93;1.67
22.12.2011;2;1.93;1.67
21.12.2011;2.01;1.95;1.68
20.12.2011;2.03;1.96;1.69
19.12.2011;1.99;1.93;1.66
16.12.2011;1.98;1.91;1.64
15.12.2011;1.99;1.93;1.66
14.12.2011;1.97;1.91;1.64
13.12.2011;1.97;1.91;1.64
12.12.2011;1.98;1.91;1.64
09.12.2011;2;1.94;1.67
08.12.2011;2.01;1.95;1.68
07.12.2011;2.04;1.97;1.7
06.12.2011;2.09;2.02;1.75
05.12.2011;2.13;2.06;1.79
02.12.2011;2.13;2.06;1.79
01.12.2011;2.15;2.08;1.8
30.11.2011;2.16;2.09;1.81
29.11.2011;2.21;2.14;1.85
28.11.2011;2.21;2.14;1.85
25.11.2011;2.16;2.09;1.8
24.11.2011;1.98;1.92;1.63
23.11.2011;1.97;1.91;1.62
22.11.2011;1.92;1.86;1.57
21.11.2011;1.82;1.76;1.46
18.11.2011;1.84;1.78;1.49
17.11.2011;1.82;1.76;1.47
16.11.2011;1.76;1.7;1.42
15.11.2011;1.76;1.7;1.41
14.11.2011;1.72;1.66;1.39
11.11.2011;1.73;1.68;1.4
10.11.2011;1.71;1.65;1.37
09.11.2011;1.66;1.61;1.33
08.11.2011;1.66;1.6;1.34
07.11.2011;1.64;1.59;1.32
04.11.2011;1.66;1.61;1.34
03.11.2011;1.69;1.64;1.38
02.11.2011;1.7;1.65;1.39
01.11.2011;1.67;1.62;1.36
31.10.2011;1.73;1.69;1.51
28.10.2011;1.77;1.73;1.55
27.10.2011;1.78;1.73;1.56
26.10.2011;1.73;1.68;1.51
25.10.2011;1.76;1.72;1.54
24.10.2011;1.75;1.7;1.53
21.10.2011;1.75;1.7;1.53
20.10.2011;1.74;1.69;1.52
19.10.2011;1.75;1.7;1.53
18.10.2011;1.73;1.68;1.51
17.10.2011;1.73;1.69;1.51
14.10.2011;1.77;1.72;1.55
13.10.2011;1.74;1.69;1.52
12.10.2011;1.78;1.73;1.56
11.10.2011;1.75;1.7;1.52
10.10.2011;1.76;1.71;1.54
07.10.2011;1.74;1.69;1.52
06.10.2011;1.74;1.69;1.51
05.10.2011;1.71;1.66;1.49
04.10.2011;1.66;1.61;1.44
03.10.2011;1.65;1.6;1.44
30.09.2011;1.65;1.6;1.44
29.09.2011;1.67;1.62;1.46
28.09.2011;1.62;1.58;1.41
27.09.2011;1.63;1.58;1.41
26.09.2011;1.62;1.57;1.4
23.09.2011;1.62;1.57;1.4
22.09.2011;1.61;1.57;1.4
21.09.2011;1.65;1.6;1.44
20.09.2011;1.64;1.59;1.44
19.09.2011;1.67;1.63;1.47
16.09.2011;1.69;1.65;1.49
15.09.2011;1.7;1.65;1.5
14.09.2011;1.7;1.65;1.5
13.09.2011;1.7;1.65;1.5
12.09.2011;1.69;1.64;1.49
09.09.2011;1.69;1.65;1.51
08.09.2011;1.72;1.67;1.54
07.09.2011;1.72;1.68;1.54
06.09.2011;1.64;1.6;1.47
05.09.2011;1.61;1.57;1.44
02.09.2011;1.64;1.6;1.48
01.09.2011;1.73;1.69;1.57
31.08.2011;1.76;1.74;1.6
30.08.2011;1.72;1.7;1.55
29.08.2011;1.71;1.7;1.55
26.08.2011;1.68;1.67;1.51
25.08.2011;1.68;1.66;1.5
24.08.2011;1.67;1.65;1.49
23.08.2011;1.65;1.63;1.47
22.08.2011;1.62;1.61;1.45
19.08.2011;1.56;1.54;1.38
18.08.2011;1.45;1.44;1.28
17.08.2011;1.58;1.57;1.41
16.08.2011;1.67;1.66;1.5
15.08.2011;1.69;1.68;1.52
12.08.2011;1.73;1.71;1.56
11.08.2011;1.71;1.69;1.54
10.08.2011;1.65;1.64;1.48
09.08.2011;1.71;1.69;1.54
08.08.2011;1.67;1.66;1.51
05.08.2011;1.72;1.71;1.56
04.08.2011;1.74;1.73;1.58
03.08.2011;1.78;1.77;1.62
02.08.2011;1.83;1.82;1.68
29.07.2011;1.85;1.85;1.7
28.07.2011;1.88;1.87;1.73
27.07.2011;1.86;1.85;1.72
26.07.2011;1.91;1.9;1.78
25.07.2011;1.91;1.9;1.77
22.07.2011;1.94;1.93;1.81
21.07.2011;1.97;1.96;1.83
20.07.2011;1.93;1.92;1.78
19.07.2011;1.92;1.91;1.76
18.07.2011;1.88;1.87;1.71
15.07.2011;1.87;1.86;1.72
14.07.2011;1.89;1.88;1.74
13.07.2011;1.89;1.89;1.75
12.07.2011;1.88;1.87;1.74
11.07.2011;1.89;1.88;1.76
08.07.2011;1.94;1.93;1.84
07.07.2011;1.99;1.98;1.89
06.07.2011;1.94;1.93;1.84
05.07.2011;1.97;1.97;1.88
04.07.2011;1.98;1.97;1.89
01.07.2011;1.97;1.97;1.88
30.06.2011;2.01;2;1.91
29.06.2011;2;1.99;1.9
28.06.2011;1.95;1.94;1.85
27.06.2011;1.95;1.94;1.85
24.06.2011;1.92;1.92;1.83
23.06.2011;1.91;1.91;1.82
22.06.2011;1.95;1.95;1.87
21.06.2011;1.96;1.96;1.88
20.06.2011;1.95;1.95;1.87
17.06.2011;1.94;1.93;1.85
16.06.2011;1.94;1.93;1.86
15.06.2011;1.95;1.94;1.86
14.06.2011;1.96;1.95;1.87
10.06.2011;1.9;1.89;1.81
09.06.2011;1.97;1.96;1.88
08.06.2011;1.99;1.98;1.91
07.06.2011;2.06;2.05;1.98
06.06.2011;2.03;2.02;1.95
03.06.2011;2.04;2.03;1.96
01.06.2011;2.02;2.01;1.94
31.05.2011;2.04;2.04;1.96
30.05.2011;2.04;2.04;1.96
27.05.2011;2.04;2.03;1.96
26.05.2011;2.05;2.04;1.97
25.05.2011;2.07;2.06;1.99
24.05.2011;2.1;2.09;2.01
23.05.2011;2.05;2.05;1.97
20.05.2011;2.07;2.06;1.99
19.05.2011;2.12;2.11;2.04
18.05.2011;2.09;2.08;2.01
17.05.2011;2.08;2.07;2
16.05.2011;2.09;2.09;2.02
13.05.2011;2.09;2.08;2.01
12.05.2011;2.05;2.04;1.97
11.05.2011;2.06;2.05;1.98
10.05.2011;2.09;2.08;2.01
09.05.2011;2.1;2.09;2.02
06.05.2011;2.15;2.14;2.07
05.05.2011;2.18;2.17;2.1
04.05.2011;2.23;2.22;2.15
03.05.2011;2.25;2.24;2.17
02.05.2011;2.27;2.26;2.19
29.04.2011;2.25;2.25;2.18
28.04.2011;2.22;2.21;2.14
27.04.2011;2.26;2.25;2.18
26.04.2011;2.23;2.23;2.15
21.04.2011;2.24;2.23;2.16
20.04.2011;2.22;2.21;2.14
19.04.2011;2.22;2.22;2.15
18.04.2011;2.21;2.21;2.13
15.04.2011;2.28;2.28;2.2
14.04.2011;2.3;2.29;2.22
13.04.2011;2.32;2.31;2.24
12.04.2011;2.33;2.32;2.25
11.04.2011;2.36;2.35;2.28
08.04.2011;2.33;2.33;2.25
07.04.2011;2.28;2.27;2.19
06.04.2011;2.28;2.27;2.2
05.04.2011;2.25;2.24;2.16
04.04.2011;2.25;2.24;2.17
01.04.2011;2.24;2.23;2.16
31.03.2011;2.21;2.2;2.13
30.03.2011;2.18;2.18;2.1
29.03.2011;2.16;2.15;2.07
28.03.2011;2.15;2.15;2.07
25.03.2011;2.12;2.12;2.04
24.03.2011;2.11;2.1;2.02
23.03.2011;2.1;2.09;2.01
22.03.2011;2.12;2.11;2.03
21.03.2011;2.1;2.09;2.01
18.03.2011;2.04;2.03;1.95
17.03.2011;2.03;2.02;1.94
16.03.2011;1.99;1.99;1.91
15.03.2011;2.03;2.02;1.94
14.03.2011;2.07;2.06;1.98
11.03.2011;2.06;2.05;1.97
10.03.2011;2.09;2.08;2
09.03.2011;2.13;2.12;2.04
08.03.2011;2.14;2.13;2.05
07.03.2011;2.14;2.13;2.05
04.03.2011;2.13;2.12;2.04
03.03.2011;2.15;2.14;2.06
02.03.2011;2.11;2.1;2.02
01.03.2011;2.13;2.12;2.04
28.02.2011;2.12;2.11;2.03
25.02.2011;2.12;2.11;2.03
24.02.2011;2.09;2.08;2
23.02.2011;2.09;2.08;2
22.02.2011;2.1;2.09;2.01
21.02.2011;2.09;2.08;2
18.02.2011;2.12;2.11;2.03
17.02.2011;2.09;2.08;2
16.02.2011;2.12;2.11;2.03
15.02.2011;2.12;2.11;2.03
14.02.2011;2.12;2.11;2.03
11.02.2011;2.11;2.1;2.02
10.02.2011;2.15;2.14;2.05
09.02.2011;2.16;2.15;2.07
08.02.2011;2.12;2.11;2.03
07.02.2011;2.13;2.12;2.04
04.02.2011;2.12;2.11;2.03
03.02.2011;2.09;2.08;2
02.02.2011;2.12;2.11;2.03
01.02.2011;2.14;2.13;2.04
31.01.2011;2.09;2.08;1.99
28.01.2011;2.1;2.09;2.01
27.01.2011;2.11;2.1;2.02
26.01.2011;2.11;2.1;2.02
25.01.2011;2.11;2.1;2.02
24.01.2011;2.12;2.1;2.02
21.01.2011;2.14;2.13;2.04
20.01.2011;2.16;2.14;2.06
19.01.2011;2.12;2.11;2.02
18.01.2011;2.15;2.14;2.05
17.01.2011;2.15;2.14;2.05
14.01.2011;2.13;2.12;2.03
13.01.2011;2.1;2.08;1.99
12.01.2011;2.07;2.06;1.96
11.01.2011;2;1.99;1.89
10.01.2011;2.02;2.01;1.91
07.01.2011;2.06;2.05;1.95
06.01.2011;2.08;2.07;1.97
05.01.2011;2.02;2;1.9
04.01.2011;2;1.98;1.88
03.01.2011;2.01;1.99;1.89
30.12.2010;2.08;2.06;1.96
29.12.2010;2.08;2.06;1.96
28.12.2010;2.03;2.01;1.91
27.12.2010;2.06;2.04;1.94
23.12.2010;2.02;2.01;1.9
22.12.2010;2.01;2;1.9
21.12.2010;2.08;2.06;1.96
20.12.2010;2.09;2.08;1.98
17.12.2010;2.15;2.14;2.04
16.12.2010;2.23;2.21;2.12
15.12.2010;2.18;2.17;2.07
14.12.2010;2.14;2.12;2.03
13.12.2010;2.04;2.02;1.93
10.12.2010;2;1.99;1.89
09.12.2010;1.98;1.97;1.88
08.12.2010;1.99;1.97;1.88
07.12.2010;1.93;1.92;1.82
06.12.2010;1.92;1.91;1.82
03.12.2010;1.98;1.96;1.87
02.12.2010;1.96;1.95;1.85
01.12.2010;1.94;1.93;1.83
30.11.2010;1.9;1.88;1.77
29.11.2010;1.91;1.9;1.82
26.11.2010;1.9;1.89;1.8
25.11.2010;1.89;1.88;1.8
24.11.2010;1.85;1.84;1.76
23.11.2010;1.77;1.76;1.68
22.11.2010;1.78;1.77;1.7
19.11.2010;1.8;1.79;1.72
18.11.2010;1.81;1.8;1.73
17.11.2010;1.76;1.75;1.67
16.11.2010;1.76;1.75;1.68
15.11.2010;1.79;1.78;1.71
12.11.2010;1.77;1.76;1.69
11.11.2010;1.74;1.73;1.66
10.11.2010;1.74;1.73;1.66
09.11.2010;1.68;1.67;1.6
08.11.2010;1.69;1.68;1.61
05.11.2010;1.69;1.68;1.61
04.11.2010;1.71;1.7;1.63
03.11.2010;1.72;1.71;1.64
02.11.2010;1.73;1.72;1.65
01.11.2010;1.73;1.72;1.65
29.10.2010;1.74;1.73;1.66
28.10.2010;1.77;1.76;1.69
27.10.2010;1.79;1.78;1.71
26.10.2010;1.78;1.77;1.7
25.10.2010;1.75;1.73;1.66
22.10.2010;1.74;1.73;1.66
21.10.2010;1.75;1.74;1.66
20.10.2010;1.74;1.73;1.66
19.10.2010;1.76;1.75;1.68
18.10.2010;1.74;1.73;1.66
15.10.2010;1.73;1.71;1.64
14.10.2010;1.67;1.66;1.58
13.10.2010;1.68;1.67;1.6
12.10.2010;1.67;1.66;1.58
11.10.2010;1.71;1.7;1.62
08.10.2010;1.73;1.72;1.64
07.10.2010;1.76;1.75;1.68
06.10.2010;1.72;1.71;1.63
05.10.2010;1.73;1.72;1.64
04.10.2010;1.73;1.72;1.64
01.10.2010;1.74;1.73;1.66
30.09.2010;1.72;1.71;1.63
29.09.2010;1.69;1.68;1.6
28.09.2010;1.66;1.65;1.57
27.09.2010;1.69;1.68;1.6
24.09.2010;1.74;1.72;1.65
23.09.2010;1.69;1.68;1.61
22.09.2010;1.71;1.7;1.62
21.09.2010;1.75;1.74;1.66
20.09.2010;1.79;1.78;1.71
17.09.2010;1.77;1.76;1.69
16.09.2010;1.81;1.79;1.72
15.09.2010;1.82;1.81;1.73
14.09.2010;1.78;1.77;1.69
13.09.2010;1.84;1.83;1.75
10.09.2010;1.81;1.79;1.71
09.09.2010;1.76;1.74;1.67
08.09.2010;1.72;1.71;1.64
07.09.2010;1.7;1.68;1.6
06.09.2010;1.7;1.69;1.61
03.09.2010;1.68;1.67;1.59
02.09.2010;1.65;1.64;1.56
01.09.2010;1.62;1.61;1.53
31.08.2010;1.57;1.56;1.48
30.08.2010;1.62;1.61;1.52
27.08.2010;1.59;1.57;1.49
26.08.2010;1.56;1.55;1.46
25.08.2010;1.52;1.51;1.42
24.08.2010;1.49;1.48;1.4
23.08.2010;1.57;1.56;1.48
20.08.2010;1.56;1.55;1.47
19.08.2010;1.59;1.57;1.49
18.08.2010;1.59;1.57;1.49
17.08.2010;1.61;1.6;1.52
16.08.2010;1.6;1.59;1.51
13.08.2010;1.66;1.65;1.57
12.08.2010;1.66;1.65;1.57
11.08.2010;1.67;1.65;1.58
10.08.2010;1.78;1.76;1.69
09.08.2010;1.79;1.78;1.7
06.08.2010;1.81;1.8;1.72
05.08.2010;1.84;1.83;1.75
04.08.2010;1.85;1.83;1.76
03.08.2010;1.87;1.86;1.78
02.08.2010;1.91;1.9;1.82
30.07.2010;1.87;1.85;1.77
29.07.2010;1.89;1.87;1.79
28.07.2010;1.89;1.87;1.79
27.07.2010;1.9;1.88;1.8
26.07.2010;1.89;1.88;1.8
23.07.2010;1.87;1.85;1.77
22.07.2010;1.85;1.83;1.75
21.07.2010;1.84;1.83;1.74
20.07.2010;1.84;1.83;1.74
19.07.2010;1.87;1.85;1.76
16.07.2010;1.87;1.86;1.77
15.07.2010;1.89;1.88;1.78
14.07.2010;1.89;1.87;1.77
13.07.2010;1.88;1.87;1.77
12.07.2010;1.89;1.87;1.77
09.07.2010;1.91;1.9;1.79
08.07.2010;1.91;1.9;1.8
07.07.2010;1.9;1.88;1.78
06.07.2010;1.89;1.88;1.78
05.07.2010;1.9;1.88;1.78
02.07.2010;1.9;1.89;1.78
01.07.2010;1.9;1.89;1.78
30.06.2010;1.91;1.89;1.79
29.06.2010;1.91;1.9;1.79
28.06.2010;1.93;1.92;1.8
25.06.2010;1.94;1.93;1.82
24.06.2010;1.93;1.92;1.81
23.06.2010;1.96;1.94;1.83
22.06.2010;1.97;1.96;1.85
21.06.2010;2;1.99;1.89
18.06.2010;1.98;1.97;1.86
17.06.2010;1.96;1.95;1.84
16.06.2010;1.94;1.93;1.83
15.06.2010;1.96;1.95;1.84
14.06.2010;1.95;1.93;1.83
11.06.2010;1.95;1.93;1.82
10.06.2010;1.96;1.95;1.84
09.06.2010;1.94;1.92;1.81
08.06.2010;1.9;1.88;1.77
07.06.2010;1.92;1.9;1.79
04.06.2010;1.95;1.93;1.82
03.06.2010;1.94;1.93;1.84
02.06.2010;1.91;1.9;1.8
01.06.2010;1.92;1.91;1.82
31.05.2010;1.95;1.91;1.82
28.05.2010;1.97;1.93;1.84
27.05.2010;1.97;1.93;1.84
26.05.2010;1.91;1.87;1.78
25.05.2010;1.84;1.8;1.71
21.05.2010;1.91;1.87;1.79
20.05.2010;1.95;1.91;1.82
19.05.2010;2.01;1.97;1.89
18.05.2010;2.03;2;1.92
17.05.2010;2.05;2.01;1.93
14.05.2010;2.08;2.04;1.96
12.05.2010;2.12;2.09;2.01
11.05.2010;2.12;2.09;2
10.05.2010;2.14;2.1;2.02
07.05.2010;2.11;2.06;1.97
06.05.2010;2.07;2.03;1.94
05.05.2010;2.09;2.04;1.96
04.05.2010;2.14;2.09;2.03
03.05.2010;2.17;2.13;2.07
30.04.2010;2.15;2.11;2.04
29.04.2010;2.15;2.11;2.04
28.04.2010;2.14;2.1;2.02
27.04.2010;2.11;2.08;2.02
26.04.2010;2.11;2.07;2.03
23.04.2010;2.1;2.07;2.03
22.04.2010;2.09;2.06;2.02
21.04.2010;2.09;2.08;2.04
20.04.2010;2.09;2.07;2.03
19.04.2010;2.08;2.06;2.03
16.04.2010;2.09;2.07;2.03
15.04.2010;2.12;2.1;2.06
14.04.2010;2.12;2.1;2.06
13.04.2010;2.13;2.11;2.07
12.04.2010;2.15;2.13;2.1
09.04.2010;2.14;2.12;2.08
08.04.2010;2.12;2.1;2.06
07.04.2010;2.13;2.12;2.08
06.04.2010;2.13;2.12;2.08
01.04.2010;2.09;2.08;2.04
31.03.2010;2.06;2.05;2.01
30.03.2010;2.08;2.07;2.02
29.03.2010;2.08;2.07;2.03
26.03.2010;2.09;2.07;2.03
25.03.2010;2.09;2.08;2.03
24.03.2010;2.09;2.08;2.03
23.03.2010;2.08;2.07;2.02
22.03.2010;2.08;2.06;2.02
19.03.2010;2.11;2.09;2.05
18.03.2010;2.09;2.08;2.03
17.03.2010;2.1;2.08;2.04
16.03.2010;2.12;2.1;2.06
15.03.2010;2.12;2.1;2.05
12.03.2010;2.12;2.1;2.06
11.03.2010;2.1;2.08;2.03
10.03.2010;2.1;2.08;2.04
09.03.2010;2.07;2.05;2
08.03.2010;2.07;2.05;2
05.03.2010;2.06;2.04;2
04.03.2010;2.06;2.04;1.99
03.03.2010;2.07;2.06;2.01
02.03.2010;2.05;2.03;1.98
01.03.2010;2.04;2.02;1.98
26.02.2010;2.06;2.03;1.98
25.02.2010;2.07;2.04;1.99
24.02.2010;2.07;2.05;2
23.02.2010;2.09;2.07;2.01
22.02.2010;2.11;2.09;2.04
19.02.2010;2.11;2.09;2.04
18.02.2010;2.07;2.05;2
17.02.2010;2.05;2.03;1.97
16.02.2010;2.08;2.06;2
15.02.2010;2.09;2.07;2.01
12.02.2010;2.1;2.08;2.02
11.02.2010;2.1;2.08;2.03
10.02.2010;2.12;2.09;2.04
09.02.2010;2.11;2.08;2.02
08.02.2010;2.11;2.08;2.02
05.02.2010;2.13;2.1;2.04
04.02.2010;2.12;2.09;2.04
03.02.2010;2.13;2.11;2.06
02.02.2010;2.13;2.11;2.06
01.02.2010;2.14;2.11;2.06
29.01.2010;2.16;2.14;2.09
28.01.2010;2.16;2.13;2.08
27.01.2010;2.16;2.14;2.09
26.01.2010;2.17;2.14;2.09
25.01.2010;2.18;2.15;2.1
22.01.2010;2.17;2.14;2.09
21.01.2010;2.17;2.14;2.1
20.01.2010;2.17;2.14;2.09
19.01.2010;2.19;2.17;2.12
18.01.2010;2.19;2.16;2.12
15.01.2010;2.19;2.16;2.11
14.01.2010;2.19;2.16;2.11
13.01.2010;2.19;2.17;2.12
12.01.2010;2.22;2.21;2.16
11.01.2010;2.26;2.24;2.19
08.01.2010;2.26;2.24;2.19
07.01.2010;2.27;2.25;2.19
06.01.2010;2.28;2.26;2.2
05.01.2010;2.28;2.26;2.2
04.01.2010;2.29;2.27;2.21
30.12.2009;2.32;2.3;2.21
29.12.2009;2.3;2.28;2.2
28.12.2009;2.28;2.26;2.17
23.12.2009;2.25;2.24;2.15
22.12.2009;2.26;2.25;2.16
21.12.2009;2.24;2.23;2.14
18.12.2009;2.24;2.23;2.13
17.12.2009;2.26;2.25;2.15
16.12.2009;2.3;2.29;2.19
15.12.2009;2.31;2.29;2.2
14.12.2009;2.28;2.27;2.17
11.12.2009;2.29;2.27;2.18
10.12.2009;2.27;2.25;2.15
09.12.2009;2.24;2.22;2.12
08.12.2009;2.23;2.21;2.12
07.12.2009;2.26;2.24;2.16
04.12.2009;2.28;2.27;2.18
03.12.2009;2.25;2.24;2.15
02.12.2009;2.24;2.22;2.14
01.12.2009;2.23;2.21;2.12
30.11.2009;2.25;2.24;2.14
27.11.2009;2.29;2.28;2.2
26.11.2009;2.21;2.2;2.11
25.11.2009;2.21;2.2;2.13
24.11.2009;2.2;2.19;2.12
23.11.2009;2.24;2.23;2.16
20.11.2009;2.24;2.23;2.17
19.11.2009;2.23;2.22;2.16
18.11.2009;2.23;2.21;2.16
17.11.2009;2.22;2.21;2.14
16.11.2009;2.22;2.21;2.15
13.11.2009;2.24;2.22;2.16
12.11.2009;2.23;2.21;2.16
11.11.2009;2.23;2.21;2.15
10.11.2009;2.24;2.23;2.17
09.11.2009;2.25;2.24;2.18
06.11.2009;2.27;2.25;2.19
05.11.2009;2.26;2.24;2.18
04.11.2009;2.29;2.27;2.22
03.11.2009;2.25;2.23;2.17
02.11.2009;2.24;2.23;2.17
30.10.2009;2.25;2.24;2.17
29.10.2009;2.29;2.27;2.21
28.10.2009;2.24;2.23;2.17
27.10.2009;2.27;2.26;2.19
26.10.2009;2.32;2.31;2.25
23.10.2009;2.32;2.31;2.25
22.10.2009;2.31;2.29;2.23
21.10.2009;2.32;2.3;2.25
20.10.2009;2.28;2.27;2.21
19.10.2009;2.31;2.29;2.24
16.10.2009;2.29;2.28;2.22
15.10.2009;2.27;2.26;2.19
14.10.2009;2.24;2.23;2.16
13.10.2009;2.24;2.23;2.16
12.10.2009;2.25;2.24;2.17
09.10.2009;2.27;2.25;2.19
08.10.2009;2.23;2.22;2.15
07.10.2009;2.24;2.23;2.16
06.10.2009;2.24;2.23;2.16
05.10.2009;2.23;2.22;2.15
02.10.2009;2.24;2.23;2.16
01.10.2009;2.24;2.23;2.16
30.09.2009;2.12;2.1;1.93
29.09.2009;2.14;2.11;1.95
28.09.2009;2.13;2.11;1.94
25.09.2009;2.15;2.12;1.96
24.09.2009;2.16;2.13;1.97
23.09.2009;2.19;2.16;2
22.09.2009;2.2;2.17;2.01
21.09.2009;2.17;2.14;2.01
18.09.2009;2.17;2.14;2
17.09.2009;2.19;2.16;2.01
16.09.2009;2.2;2.17;2.02
15.09.2009;2.2;2.17;2.01
14.09.2009;2.18;2.15;1.99
11.09.2009;2.18;2.15;1.98
10.09.2009;2.22;2.19;2.03
09.09.2009;2.22;2.19;2.03
08.09.2009;2.2;2.17;2.01
07.09.2009;2.19;2.17;2
04.09.2009;2.19;2.16;2
03.09.2009;2.19;2.16;2.01
02.09.2009;2.17;2.15;1.98
01.09.2009;2.21;2.18;2
31.08.2009;2.23;2.2;2.01
28.08.2009;2.2;2.17;1.98
27.08.2009;2.21;2.17;1.98
26.08.2009;2.23;2.19;1.99
25.08.2009;2.24;2.21;2.01
24.08.2009;2.25;2.21;2.03
21.08.2009;2.23;2.2;2.02
20.08.2009;2.21;2.18;1.99
19.08.2009;2.22;2.19;1.99
18.08.2009;2.27;2.24;2.02
17.08.2009;2.29;2.26;2.04
14.08.2009;2.32;2.28;2.07
13.08.2009;2.36;2.32;2.11
12.08.2009;2.4;2.37;2.15
11.08.2009;2.41;2.38;2.16
10.08.2009;2.46;2.42;2.21
07.08.2009;2.46;2.42;2.22
06.08.2009;2.42;2.39;2.18
05.08.2009;2.44;2.41;2.2
04.08.2009;2.44;2.4;2.19
03.08.2009;2.41;2.37;2.17
31.07.2009;2.41;2.37;2.14
30.07.2009;2.49;2.46;2.21
29.07.2009;2.5;2.46;2.23
28.07.2009;2.53;2.49;2.25
27.07.2009;2.54;2.5;2.27
24.07.2009;2.54;2.5;2.26
23.07.2009;2.58;2.54;2.28
22.07.2009;2.58;2.54;2.28
21.07.2009;2.64;2.6;2.33
20.07.2009;2.73;2.69;2.39
17.07.2009;2.73;2.68;2.39
16.07.2009;2.73;2.68;2.38
15.07.2009;2.75;2.71;2.41
14.07.2009;2.75;2.71;2.41
13.07.2009;2.73;2.68;2.38
10.07.2009;2.76;2.72;2.41
09.07.2009;2.79;2.74;2.43
08.07.2009;2.79;2.74;2.42
07.07.2009;2.8;2.76;2.44
06.07.2009;2.8;2.75;2.43
03.07.2009;2.82;2.77;2.45
02.07.2009;2.83;2.78;2.46
01.07.2009;2.88;2.83;2.51
30.06.2009;2.86;2.82;2.5
29.06.2009;2.85;2.8;2.48
26.06.2009;2.86;2.81;2.48
25.06.2009;2.89;2.83;2.51
24.06.2009;2.91;2.86;2.54
23.06.2009;2.92;2.87;2.55
22.06.2009;2.91;2.86;2.52
19.06.2009;2.91;2.86;2.52
18.06.2009;2.92;2.86;2.52
17.06.2009;2.91;2.86;2.51
16.06.2009;2.94;2.9;2.57
15.06.2009;2.93;2.89;2.57
12.06.2009;2.98;2.94;2.63
11.06.2009;3.01;2.97;2.66
10.06.2009;3;2.96;2.64
09.06.2009;2.99;2.95;2.64
08.06.2009;3.03;2.98;2.66
05.06.2009;3.05;3;2.66
04.06.2009;3;2.95;2.59
03.06.2009;2.99;2.94;2.58
02.06.2009;3.02;2.96;2.62
29.05.2009;3.01;2.97;2.61
28.05.2009;3.04;2.99;2.62
27.05.2009;2.99;2.94;2.6
26.05.2009;2.96;2.92;2.57
25.05.2009;2.98;2.93;2.58
22.05.2009;2.95;2.9;2.54
20.05.2009;2.9;2.86;2.5
19.05.2009;2.9;2.85;2.49
18.05.2009;2.87;2.83;2.45
15.05.2009;2.88;2.83;2.46
14.05.2009;2.88;2.83;2.45
13.05.2009;2.93;2.88;2.48
12.05.2009;3;2.96;2.55
11.05.2009;3.05;3;2.58
08.05.2009;3.05;3;2.59
07.05.2009;3.04;2.99;2.57
06.05.2009;3.01;2.95;2.53
05.05.2009;3.03;2.96;2.53
04.05.2009;3.07;3;2.54
30.04.2009;3.03;2.96;2.44
29.04.2009;3.04;2.97;2.45
28.04.2009;3.04;2.97;2.45
27.04.2009;3.04;2.97;2.45
24.04.2009;3.07;3;2.48
23.04.2009;3.07;3.01;2.5
22.04.2009;3.08;3.01;2.49
21.04.2009;3.03;2.97;2.44
20.04.2009;3.08;3.01;2.48
17.04.2009;3.1;3.04;2.51
16.04.2009;3.11;3.04;2.5
15.04.2009;3.12;3.05;2.51
14.04.2009;3.15;3.08;2.53
09.04.2009;3.17;3.1;2.55
08.04.2009;3.17;3.11;2.55
07.04.2009;3.23;3.16;2.58
06.04.2009;3.27;3.2;2.61
03.04.2009;3.26;3.19;2.58
02.04.2009;3.2;3.13;2.53
01.04.2009;3.2;3.13;2.51
31.03.2009;3.14;3.07;2.49
30.03.2009;3.19;3.11;2.51
27.03.2009;3.3;3.23;2.54
26.03.2009;3.33;3.25;2.58
25.03.2009;3.32;3.25;2.58
24.03.2009;3.36;3.29;2.62
23.03.2009;3.34;3.26;2.57
20.03.2009;3.28;3.2;2.5
19.03.2009;3.28;3.21;2.51
18.03.2009;3.28;3.21;2.52
17.03.2009;3.3;3.22;2.53
16.03.2009;3.31;3.23;2.54
13.03.2009;3.32;3.24;2.52
12.03.2009;3.32;3.25;2.51
11.03.2009;3.38;3.3;2.56
10.03.2009;3.38;3.29;2.53
09.03.2009;3.32;3.24;2.48
06.03.2009;3.32;3.24;2.47
05.03.2009;3.35;3.27;2.51
04.03.2009;3.39;3.31;2.56
03.03.2009;3.38;3.3;2.57
02.03.2009;3.39;3.32;2.59
27.02.2009;3.41;3.33;2.54
26.02.2009;3.41;3.34;2.57
25.02.2009;3.24;3.17;2.5
24.02.2009;3.2;3.13;2.44
23.02.2009;3.09;3.03;2.42
20.02.2009;3.06;2.99;2.38
19.02.2009;3.08;3.02;2.4
18.02.2009;2.95;2.9;2.33
17.02.2009;2.91;2.86;2.32
16.02.2009;2.85;2.8;2.31
13.02.2009;2.89;2.84;2.35
12.02.2009;2.85;2.8;2.31
11.02.2009;2.88;2.83;2.33
10.02.2009;2.87;2.82;2.4
09.02.2009;2.88;2.82;2.42
06.02.2009;2.87;2.81;2.42
05.02.2009;2.88;2.82;2.42
04.02.2009;2.86;2.81;2.4
03.02.2009;2.83;2.77;2.36
02.02.2009;2.82;2.76;2.37
30.01.2009;2.84;2.79;2.4
29.01.2009;2.85;2.79;2.4
28.01.2009;2.85;2.79;2.39
27.01.2009;2.93;2.86;2.49
26.01.2009;2.9;2.84;2.46
23.01.2009;2.83;2.77;2.38
22.01.2009;2.84;2.77;2.39
21.01.2009;2.84;2.78;2.4
20.01.2009;2.87;2.81;2.46
19.01.2009;2.9;2.83;2.49
16.01.2009;2.83;2.77;2.42
15.01.2009;2.8;2.74;2.38
14.01.2009;2.82;2.77;2.42
13.01.2009;2.82;2.76;2.39
12.01.2009;2.85;2.8;2.43
09.01.2009;2.93;2.87;2.52
08.01.2009;3.04;2.99;2.62
07.01.2009;3.03;2.97;2.67
06.01.2009;2.98;2.92;2.58
05.01.2009;2.97;2.91;2.54
30.12.2008;2.95;2.89;2.53
29.12.2008;2.92;2.86;2.47
23.12.2008;2.93;2.87;2.47
22.12.2008;2.94;2.88;2.5
19.12.2008;2.92;2.86;2.5
18.12.2008;2.9;2.84;2.46
17.12.2008;2.88;2.82;2.44
16.12.2008;2.94;2.88;2.48
15.12.2008;2.96;2.9;2.5
12.12.2008;2.96;2.92;2.53
11.12.2008;2.99;2.94;2.54
10.12.2008;3.06;3.01;2.6
09.12.2008;3.05;3;2.6
08.12.2008;3;2.95;2.54
05.12.2008;2.91;2.87;2.47
04.12.2008;2.91;2.86;2.5
03.12.2008;2.88;2.84;2.48
02.12.2008;2.86;2.81;2.46
01.12.2008;2.96;2.91;2.51
28.11.2008;2.92;2.87;2.45
27.11.2008;2.96;2.91;2.48
26.11.2008;2.94;2.89;2.49
25.11.2008;2.99;2.95;2.53
24.11.2008;2.99;2.95;2.52
21.11.2008;2.96;2.92;2.51
20.11.2008;2.97;2.93;2.61
19.11.2008;3.2;3.16;2.8
18.11.2008;3.27;3.23;2.85
17.11.2008;3.28;3.24;2.92
14.11.2008;3.32;3.28;2.92
13.11.2008;3.39;3.35;2.95
12.11.2008;3.37;3.33;2.93
11.11.2008;3.46;3.43;3.02
10.11.2008;3.5;3.47;3.06
07.11.2008;3.49;3.46;3.08
06.11.2008;3.59;3.55;3.17
05.11.2008;3.66;3.63;3.19
04.11.2008;3.71;3.67;3.23
03.11.2008;3.68;3.65;3.19
31.10.2008;3.75;3.71;3.27
30.10.2008;3.74;3.67;3.2
29.10.2008;3.75;3.69;3.22
28.10.2008;3.66;3.59;3.18
27.10.2008;3.57;3.5;3.12
24.10.2008;3.46;3.4;3.12
23.10.2008;3.42;3.36;3.12
22.10.2008;3.37;3.31;3.11
21.10.2008;3.41;3.36;3.14
20.10.2008;3.47;3.41;3.2
17.10.2008;3.45;3.4;3.18
16.10.2008;3.44;3.38;3.17
15.10.2008;3.43;3.38;3.15
14.10.2008;3.39;3.35;3.12
13.10.2008;3.34;3.33;3.13
10.10.2008;3.27;3.25;3.04
09.10.2008;3.2;3.19;3
08.10.2008;3.17;3.16;2.98
07.10.2008;3.14;3.13;2.97
06.10.2008;3.14;3.12;2.98
03.10.2008;3.2;3.19;3.04
02.10.2008;3.18;3.17;3.03
01.10.2008;3.18;3.17;3.05
30.09.2008;3.2;3.19;3.05
29.09.2008;3.18;3.17;3.03
26.09.2008;3.29;3.28;3.15
25.09.2008;3.37;3.35;3.22
24.09.2008;3.36;3.35;3.2
23.09.2008;3.37;3.36;3.2
22.09.2008;3.41;3.4;3.24
19.09.2008;3.37;3.36;3.19
18.09.2008;3.27;3.26;3.09
17.09.2008;3.22;3.21;3.05
16.09.2008;3.19;3.17;3.04
15.09.2008;3.18;3.17;3.03
12.09.2008;3.15;3.14;3.02
11.09.2008;3.13;3.12;3
10.09.2008;3.14;3.13;3.01
09.09.2008;3.12;3.11;3
08.09.2008;3.12;3.11;3
05.09.2008;3.09;3.08;2.97
04.09.2008;3.17;3.16;3.05
03.09.2008;3.22;3.21;3.09
02.09.2008;3.23;3.22;3.1
01.09.2008;3.22;3.21;3.1
29.08.2008;3.25;3.23;3.12
28.08.2008;3.26;3.25;3.13
27.08.2008;3.26;3.25;3.13
26.08.2008;3.19;3.18;3.06
25.08.2008;3.23;3.22;3.11
22.08.2008;3.26;3.25;3.14
21.08.2008;3.19;3.18;3.07
20.08.2008;3.14;3.13;3.01
19.08.2008;3.17;3.16;3.05
18.08.2008;3.19;3.18;3.07
15.08.2008;3.21;3.2;3.09
14.08.2008;3.24;3.22;3.11
13.08.2008;3.21;3.2;3.09
12.08.2008;3.28;3.27;3.16
11.08.2008;3.34;3.32;3.2
08.08.2008;3.33;3.32;3.21
07.08.2008;3.35;3.34;3.22
06.08.2008;3.37;3.36;3.25
05.08.2008;3.37;3.36;3.24
04.08.2008;3.38;3.36;3.25
31.07.2008;3.37;3.35;3.2
30.07.2008;3.44;3.43;3.28
29.07.2008;3.51;3.49;3.33
28.07.2008;3.53;3.52;3.36
25.07.2008;3.54;3.52;3.36
24.07.2008;3.54;3.53;3.37
23.07.2008;3.61;3.6;3.43
22.07.2008;3.61;3.59;3.43
21.07.2008;3.59;3.58;3.41
18.07.2008;3.57;3.56;3.4
17.07.2008;3.48;3.46;3.3
16.07.2008;3.47;3.46;3.3
15.07.2008;3.46;3.44;3.29
14.07.2008;3.49;3.47;3.32
11.07.2008;3.49;3.48;3.32
10.07.2008;3.49;3.48;3.32
09.07.2008;3.54;3.52;3.36
08.07.2008;3.56;3.55;3.39
07.07.2008;3.59;3.57;3.41
04.07.2008;3.66;3.65;3.48
03.07.2008;3.68;3.67;3.5
02.07.2008;3.7;3.69;3.52
01.07.2008;3.68;3.67;3.5
30.06.2008;3.71;3.69;3.53
27.06.2008;3.69;3.67;3.52
26.06.2008;3.67;3.66;3.5
25.06.2008;3.72;3.7;3.54
24.06.2008;3.67;3.66;3.5
23.06.2008;3.67;3.66;3.5
20.06.2008;3.69;3.68;3.53
19.06.2008;3.76;3.74;3.58
18.06.2008;3.72;3.71;3.55
17.06.2008;3.71;3.7;3.55
16.06.2008;3.74;3.72;3.57
13.06.2008;3.75;3.73;3.58
12.06.2008;3.72;3.7;3.55
11.06.2008;3.69;3.67;3.52
10.06.2008;3.71;3.69;3.54
09.06.2008;3.67;3.66;3.52
06.06.2008;3.6;3.59;3.46
05.06.2008;3.59;3.58;3.44
04.06.2008;3.52;3.51;3.38
03.06.2008;3.56;3.55;3.42
02.06.2008;3.51;3.5;3.36
30.05.2008;3.5;3.5;3.36
29.05.2008;3.55;3.55;3.4
28.05.2008;3.51;3.51;3.35
27.05.2008;3.46;3.46;3.31
26.05.2008;3.44;3.44;3.29
23.05.2008;3.42;3.42;3.27
22.05.2008;3.43;3.43;3.28
21.05.2008;3.4;3.4;3.24
20.05.2008;3.37;3.37;3.21
19.05.2008;3.38;3.38;3.23
16.05.2008;3.35;3.35;3.2
15.05.2008;3.4;3.4;3.25
14.05.2008;3.39;3.39;3.23
13.05.2008;3.34;3.34;3.18
09.05.2008;3.29;3.29;3.14
08.05.2008;3.32;3.32;3.16
07.05.2008;3.37;3.37;3.22
06.05.2008;3.33;3.33;3.17
05.05.2008;3.37;3.37;3.21
02.05.2008;3.4;3.4;3.24
30.04.2008;3.38;3.38;3.22
29.04.2008;3.42;3.42;3.26
28.04.2008;3.44;3.44;3.28
25.04.2008;3.44;3.44;3.28
24.04.2008;3.4;3.4;3.24
23.04.2008;3.41;3.41;3.25
22.04.2008;3.43;3.43;3.27
21.04.2008;3.41;3.41;3.24
18.04.2008;3.46;3.46;3.29
17.04.2008;3.36;3.36;3.19
16.04.2008;3.29;3.29;3.12
15.04.2008;3.26;3.26;3.09
14.04.2008;3.21;3.21;3.05
11.04.2008;3.2;3.2;3.02
10.04.2008;3.24;3.24;3.07
09.04.2008;3.27;3.27;3.09
08.04.2008;3.27;3.27;3.08
07.04.2008;3.26;3.26;3.07
04.04.2008;3.22;3.22;3.04
03.04.2008;3.24;3.24;3.06
02.04.2008;3.26;3.26;3.08
01.04.2008;3.29;3.29;3.11
31.03.2008;3.23;3.23;3.06
28.03.2008;3.26;3.26;3.07
27.03.2008;3.23;3.23;3.06
26.03.2008;3.22;3.22;3.04
25.03.2008;3.18;3.18;3.01
20.03.2008;3.12;3.12;2.94
19.03.2008;3.16;3.16;2.99
18.03.2008;3.15;3.15;2.98
17.03.2008;3.11;3.11;2.95
14.03.2008;3.11;3.11;2.97
13.03.2008;3.11;3.11;2.98
12.03.2008;3.12;3.12;2.98
11.03.2008;3.11;3.11;2.99
10.03.2008;3.08;3.08;2.96
07.03.2008;3.12;3.12;3
06.03.2008;3.11;3.11;2.99
05.03.2008;3.09;3.09;2.98
04.03.2008;3.04;3.04;2.92
03.03.2008;3.04;3.04;2.94
29.02.2008;3.05;3.05;2.94
28.02.2008;3.1;3.1;2.99
27.02.2008;3.14;3.14;3.03
26.02.2008;3.14;3.14;3.03
25.02.2008;3.13;3.13;3.01
22.02.2008;3.08;3.08;2.97
21.02.2008;3.1;3.1;2.99
20.02.2008;3.1;3.1;2.99
19.02.2008;3.07;3.07;2.95
18.02.2008;3.08;3.08;2.96
15.02.2008;3.04;3.04;2.93
14.02.2008;3.05;3.05;2.95
13.02.2008;3.03;3.03;2.91
12.02.2008;3.01;3.01;2.9
11.02.2008;2.95;2.95;2.83
08.02.2008;2.95;2.95;2.84
07.02.2008;2.96;2.96;2.85
06.02.2008;2.99;2.99;2.88
05.02.2008;2.99;2.99;2.87
04.02.2008;3.04;3.04;2.93
01.02.2008;3.04;3.04;2.92
31.01.2008;3.04;3.04;2.97
30.01.2008;3.07;3.07;2.99
29.01.2008;3.04;3.04;2.96
28.01.2008;2.99;2.99;2.89
25.01.2008;2.98;2.98;2.9
24.01.2008;2.96;2.96;2.87
23.01.2008;2.87;2.87;2.79
22.01.2008;2.96;2.96;2.89
21.01.2008;2.88;2.88;2.81
18.01.2008;2.95;2.95;2.88
17.01.2008;2.95;2.95;2.87
16.01.2008;2.94;2.94;2.85
15.01.2008;3;3;2.91
14.01.2008;3.03;3.03;2.95
11.01.2008;3.07;3.07;2.99
10.01.2008;3.08;3.08;2.99
09.01.2008;3.06;3.06;2.98
08.01.2008;3.13;3.13;3.05
07.01.2008;3.11;3.11;3.03
04.01.2008;3.12;3.12;3.04
03.01.2008;3.08;3.08;3.01
