structure,type,seas_adj,date,value
seco_wwa,index,csa,2005-01-03,3.9011681763975
seco_wwa,index,csa,2005-01-10,3.85236923811575
seco_wwa,index,csa,2005-01-17,3.9898647759366
seco_wwa,index,csa,2005-01-24,3.09253141012168
seco_wwa,index,csa,2005-01-31,2.61513363099358
seco_wwa,index,csa,2005-02-07,2.36591178891504
seco_wwa,index,csa,2005-02-14,2.1264262912201
seco_wwa,index,csa,2005-02-21,2.13555333329065
seco_wwa,index,csa,2005-02-28,2.5741439927398
seco_wwa,index,csa,2005-03-07,2.31980893277829
seco_wwa,index,csa,2005-03-14,2.36937733305463
seco_wwa,index,csa,2005-03-21,2.35595382841518
seco_wwa,index,csa,2005-03-28,2.36745388922311
seco_wwa,index,csa,2005-04-04,2.28849677568117
seco_wwa,index,csa,2005-04-11,1.68757243201006
seco_wwa,index,csa,2005-04-18,1.08762527774866
seco_wwa,index,csa,2005-04-25,0.761451825768923
seco_wwa,index,csa,2005-05-02,0.224123408329148
seco_wwa,index,csa,2005-05-09,0.30177418950996
seco_wwa,index,csa,2005-05-16,0.368588278341454
seco_wwa,index,csa,2005-05-23,0.62172459284577
seco_wwa,index,csa,2005-05-30,0.519986127326208
seco_wwa,index,csa,2005-06-06,0.628666632325573
seco_wwa,index,csa,2005-06-13,0.700865787212727
seco_wwa,index,csa,2005-06-20,0.666397568395466
seco_wwa,index,csa,2005-06-27,0.894412113029983
seco_wwa,index,csa,2005-07-04,0.605349637832122
seco_wwa,index,csa,2005-07-11,0.602906289232097
seco_wwa,index,csa,2005-07-18,0.65330633926168
seco_wwa,index,csa,2005-07-25,1.49848578043308
seco_wwa,index,csa,2005-08-01,2.19517180768247
seco_wwa,index,csa,2005-08-08,2.36800575901192
seco_wwa,index,csa,2005-08-15,2.10935680566584
seco_wwa,index,csa,2005-08-22,1.82484373529674
seco_wwa,index,csa,2005-08-29,2.0902730669258
seco_wwa,index,csa,2005-09-05,2.04915572683092
seco_wwa,index,csa,2005-09-12,2.01491197921902
seco_wwa,index,csa,2005-09-19,1.35230966650901
seco_wwa,index,csa,2005-09-26,1.67962813921231
seco_wwa,index,csa,2005-10-03,1.18789858857472
seco_wwa,index,csa,2005-10-10,1.3005831238204
seco_wwa,index,csa,2005-10-17,1.0928055346058
seco_wwa,index,csa,2005-10-24,1.34936097823191
seco_wwa,index,csa,2005-10-31,1.81631628588431
seco_wwa,index,csa,2005-11-07,1.80646497132673
seco_wwa,index,csa,2005-11-14,1.96783421434843
seco_wwa,index,csa,2005-11-21,1.6813169172188
seco_wwa,index,csa,2005-11-28,2.23901923507597
seco_wwa,index,csa,2005-12-05,1.75686107611157
seco_wwa,index,csa,2005-12-12,1.72999908128573
seco_wwa,index,csa,2005-12-19,1.32500098829578
seco_wwa,index,csa,2005-12-26,1.39337999315352
seco_wwa,index,csa,2006-01-02,1.19522325087823
seco_wwa,index,csa,2006-01-09,1.41872075347798
seco_wwa,index,csa,2006-01-16,1.398543723656
seco_wwa,index,csa,2006-01-23,1.53648492280201
seco_wwa,index,csa,2006-01-30,1.85049305828998
seco_wwa,index,csa,2006-02-06,2.35841682776701
seco_wwa,index,csa,2006-02-13,2.7039219606678
seco_wwa,index,csa,2006-02-20,2.98590956308902
seco_wwa,index,csa,2006-02-27,2.98280364947526
seco_wwa,index,csa,2006-03-06,2.96169300478954
seco_wwa,index,csa,2006-03-13,2.98947388799275
seco_wwa,index,csa,2006-03-20,3.43259683485378
seco_wwa,index,csa,2006-03-27,3.3223546198912
seco_wwa,index,csa,2006-04-03,3.4071369746523
seco_wwa,index,csa,2006-04-10,3.18058764908987
seco_wwa,index,csa,2006-04-17,3.62766016842424
seco_wwa,index,csa,2006-04-24,3.83554406580701
seco_wwa,index,csa,2006-05-01,4.58487368693811
seco_wwa,index,csa,2006-05-08,4.98225992284098
seco_wwa,index,csa,2006-05-15,5.2121673573858
seco_wwa,index,csa,2006-05-22,5.12108822960016
seco_wwa,index,csa,2006-05-29,5.28549530263079
seco_wwa,index,csa,2006-06-05,5.24680068028211
seco_wwa,index,csa,2006-06-12,5.22611911557597
seco_wwa,index,csa,2006-06-19,5.55999054862681
seco_wwa,index,csa,2006-06-26,5.60706000456291
seco_wwa,index,csa,2006-07-03,5.47817961971427
seco_wwa,index,csa,2006-07-10,4.73776141581066
seco_wwa,index,csa,2006-07-17,4.43694509073747
seco_wwa,index,csa,2006-07-24,4.25308209941244
seco_wwa,index,csa,2006-07-31,3.94024309742849
seco_wwa,index,csa,2006-08-07,3.9474545193434
seco_wwa,index,csa,2006-08-14,3.82787662338445
seco_wwa,index,csa,2006-08-21,4.08790236493509
seco_wwa,index,csa,2006-08-28,4.09523078445368
seco_wwa,index,csa,2006-09-04,3.79503322808172
seco_wwa,index,csa,2006-09-11,3.71788965861664
seco_wwa,index,csa,2006-09-18,3.89013926626458
seco_wwa,index,csa,2006-09-25,4.03360065784527
seco_wwa,index,csa,2006-10-02,4.3520565921672
seco_wwa,index,csa,2006-10-09,4.40262217821486
seco_wwa,index,csa,2006-10-16,4.36487654905196
seco_wwa,index,csa,2006-10-23,4.66129664146
seco_wwa,index,csa,2006-10-30,4.73975667316362
seco_wwa,index,csa,2006-11-06,5.08716966784688
seco_wwa,index,csa,2006-11-13,5.06054696972955
seco_wwa,index,csa,2006-11-20,4.98224534446362
seco_wwa,index,csa,2006-11-27,4.90542535498702
seco_wwa,index,csa,2006-12-04,4.86109892611589
seco_wwa,index,csa,2006-12-11,4.83179451351652
seco_wwa,index,csa,2006-12-18,4.87714501252411
seco_wwa,index,csa,2006-12-25,4.66329288587216
seco_wwa,index,csa,2007-01-01,4.79952913966418
seco_wwa,index,csa,2007-01-08,4.82192018360295
seco_wwa,index,csa,2007-01-15,4.84194512138478
seco_wwa,index,csa,2007-01-22,4.93797003203401
seco_wwa,index,csa,2007-01-29,4.4630938943346
seco_wwa,index,csa,2007-02-05,4.28062358373085
seco_wwa,index,csa,2007-02-12,4.13378301770473
seco_wwa,index,csa,2007-02-19,3.90341700650508
seco_wwa,index,csa,2007-02-26,3.89921128187915
seco_wwa,index,csa,2007-03-05,4.28648400985461
seco_wwa,index,csa,2007-03-12,4.24678447450945
seco_wwa,index,csa,2007-03-19,3.89298137182361
seco_wwa,index,csa,2007-03-26,3.42480095650792
seco_wwa,index,csa,2007-04-02,3.24655268729794
seco_wwa,index,csa,2007-04-09,3.3035525779533
seco_wwa,index,csa,2007-04-16,3.60916501548098
seco_wwa,index,csa,2007-04-23,3.62890473436566
seco_wwa,index,csa,2007-04-30,3.47739239727346
seco_wwa,index,csa,2007-05-07,3.42116683826718
seco_wwa,index,csa,2007-05-14,3.02046577320454
seco_wwa,index,csa,2007-05-21,2.80189429535379
seco_wwa,index,csa,2007-05-28,2.80394006853184
seco_wwa,index,csa,2007-06-04,2.44637621645623
seco_wwa,index,csa,2007-06-11,2.4346277198795
seco_wwa,index,csa,2007-06-18,2.28603515489942
seco_wwa,index,csa,2007-06-25,1.9311331782316
seco_wwa,index,csa,2007-07-02,1.9403633134811
seco_wwa,index,csa,2007-07-09,2.05214986077472
seco_wwa,index,csa,2007-07-16,1.90087248625601
seco_wwa,index,csa,2007-07-23,1.87380252680594
seco_wwa,index,csa,2007-07-30,1.75537260306763
seco_wwa,index,csa,2007-08-06,1.79109319179545
seco_wwa,index,csa,2007-08-13,1.75107754268369
seco_wwa,index,csa,2007-08-20,1.63598473860386
seco_wwa,index,csa,2007-08-27,1.88961274975279
seco_wwa,index,csa,2007-09-03,2.11248606124102
seco_wwa,index,csa,2007-09-10,2.11770500725204
seco_wwa,index,csa,2007-09-17,2.06214726162933
seco_wwa,index,csa,2007-09-24,1.9727500246228
seco_wwa,index,csa,2007-10-01,2.39613963060336
seco_wwa,index,csa,2007-10-08,2.46395646029194
seco_wwa,index,csa,2007-10-15,2.40639336597319
seco_wwa,index,csa,2007-10-22,2.08993935736311
seco_wwa,index,csa,2007-10-29,1.6823386553517
seco_wwa,index,csa,2007-11-05,1.09964550308753
seco_wwa,index,csa,2007-11-12,0.863697604658166
seco_wwa,index,csa,2007-11-19,1.11717997609644
seco_wwa,index,csa,2007-11-26,1.06917055018032
seco_wwa,index,csa,2007-12-03,1.16693837705211
seco_wwa,index,csa,2007-12-10,1.21817225091194
seco_wwa,index,csa,2007-12-17,1.21868230371769
seco_wwa,index,csa,2007-12-24,1.40913444022793
seco_wwa,index,csa,2007-12-31,1.40785890116344
seco_wwa,index,csa,2008-01-07,1.75474261195682
seco_wwa,index,csa,2008-01-14,1.99397513764015
seco_wwa,index,csa,2008-01-21,2.59992809565008
seco_wwa,index,csa,2008-01-28,2.5324026430233
seco_wwa,index,csa,2008-02-04,2.53028033624744
seco_wwa,index,csa,2008-02-11,2.39978830938354
seco_wwa,index,csa,2008-02-18,2.51604919355374
seco_wwa,index,csa,2008-02-25,2.50563238989518
seco_wwa,index,csa,2008-03-03,2.56302991204687
seco_wwa,index,csa,2008-03-10,2.43745079722532
seco_wwa,index,csa,2008-03-17,2.22681713211496
seco_wwa,index,csa,2008-03-24,2.07167511954001
seco_wwa,index,csa,2008-03-31,2.02622671946669
seco_wwa,index,csa,2008-04-07,2.22878681927586
seco_wwa,index,csa,2008-04-14,1.91544060056689
seco_wwa,index,csa,2008-04-21,1.4917832789267
seco_wwa,index,csa,2008-04-28,1.69508450592922
seco_wwa,index,csa,2008-05-05,1.66702384533137
seco_wwa,index,csa,2008-05-12,1.92415162919165
seco_wwa,index,csa,2008-05-19,2.25563659061694
seco_wwa,index,csa,2008-05-26,2.67414218464604
seco_wwa,index,csa,2008-06-02,2.73126181567162
seco_wwa,index,csa,2008-06-09,2.69022375602387
seco_wwa,index,csa,2008-06-16,2.59217179274581
seco_wwa,index,csa,2008-06-23,2.25208653421959
seco_wwa,index,csa,2008-06-30,2.11874416556221
seco_wwa,index,csa,2008-07-07,2.11141256011992
seco_wwa,index,csa,2008-07-14,1.99806025877574
seco_wwa,index,csa,2008-07-21,2.18446207513674
seco_wwa,index,csa,2008-07-28,2.41720483442202
seco_wwa,index,csa,2008-08-04,1.80607869450277
seco_wwa,index,csa,2008-08-11,1.37441907258404
seco_wwa,index,csa,2008-08-18,1.37042826759708
seco_wwa,index,csa,2008-08-25,0.957061096242046
seco_wwa,index,csa,2008-09-01,0.922810096086759
seco_wwa,index,csa,2008-09-08,0.913738295195283
seco_wwa,index,csa,2008-09-15,0.892607442711081
seco_wwa,index,csa,2008-09-22,0.346106990288589
seco_wwa,index,csa,2008-09-29,0.112671132628731
seco_wwa,index,csa,2008-10-06,-0.098801228589724
seco_wwa,index,csa,2008-10-13,-0.25619790998903
seco_wwa,index,csa,2008-10-20,-0.430943442314593
seco_wwa,index,csa,2008-10-27,-0.359321543737734
seco_wwa,index,csa,2008-11-03,-0.675539738192684
seco_wwa,index,csa,2008-11-10,-1.0605448402577
seco_wwa,index,csa,2008-11-17,-1.98140497003689
seco_wwa,index,csa,2008-11-24,-2.77489378781586
seco_wwa,index,csa,2008-12-01,-3.35374565296767
seco_wwa,index,csa,2008-12-08,-3.23896346464153
seco_wwa,index,csa,2008-12-15,-3.02194196488178
seco_wwa,index,csa,2008-12-22,-3.45641495222443
seco_wwa,index,csa,2008-12-29,-3.87153765279728
seco_wwa,index,csa,2009-01-05,-4.50545893938146
seco_wwa,index,csa,2009-01-12,-4.67665881463512
seco_wwa,index,csa,2009-01-19,-4.97564647130442
seco_wwa,index,csa,2009-01-26,-5.15707312902886
seco_wwa,index,csa,2009-02-02,-5.27498230690196
seco_wwa,index,csa,2009-02-09,-6.06347841928505
seco_wwa,index,csa,2009-02-16,-6.56840148049674
seco_wwa,index,csa,2009-02-23,-6.80430946916082
seco_wwa,index,csa,2009-03-02,-7.45572487750992
seco_wwa,index,csa,2009-03-09,-7.83162363993741
seco_wwa,index,csa,2009-03-16,-7.87955166916628
seco_wwa,index,csa,2009-03-23,-7.61767157062625
seco_wwa,index,csa,2009-03-30,-7.70113765421376
seco_wwa,index,csa,2009-04-06,-8.1245803812646
seco_wwa,index,csa,2009-04-13,-8.30163384406299
seco_wwa,index,csa,2009-04-20,-7.76278458311311
seco_wwa,index,csa,2009-04-27,-7.64126323504229
seco_wwa,index,csa,2009-05-04,-7.64325747414787
seco_wwa,index,csa,2009-05-11,-7.6174894187373
seco_wwa,index,csa,2009-05-18,-7.34713713683188
seco_wwa,index,csa,2009-05-25,-7.34197689083502
seco_wwa,index,csa,2009-06-01,-7.53613730068236
seco_wwa,index,csa,2009-06-08,-7.24116381417867
seco_wwa,index,csa,2009-06-15,-7.21866471407047
seco_wwa,index,csa,2009-06-22,-7.21541364415969
seco_wwa,index,csa,2009-06-29,-7.42218030427584
seco_wwa,index,csa,2009-07-06,-7.2625454662068
seco_wwa,index,csa,2009-07-13,-7.18556903906359
seco_wwa,index,csa,2009-07-20,-7.30996790023482
seco_wwa,index,csa,2009-07-27,-7.3511085999001
seco_wwa,index,csa,2009-08-03,-7.2077209069005
seco_wwa,index,csa,2009-08-10,-7.22710288560534
seco_wwa,index,csa,2009-08-17,-7.03549485362852
seco_wwa,index,csa,2009-08-24,-6.81959066295534
seco_wwa,index,csa,2009-08-31,-7.10091669432126
seco_wwa,index,csa,2009-09-07,-6.83198241640729
seco_wwa,index,csa,2009-09-14,-6.42738820701023
seco_wwa,index,csa,2009-09-21,-5.92541772821556
seco_wwa,index,csa,2009-09-28,-5.15334590320893
seco_wwa,index,csa,2009-10-05,-5.17895726658946
seco_wwa,index,csa,2009-10-12,-4.92973894427284
seco_wwa,index,csa,2009-10-19,-4.70037765527806
seco_wwa,index,csa,2009-10-26,-4.36250920224886
seco_wwa,index,csa,2009-11-02,-4.11941787604279
seco_wwa,index,csa,2009-11-09,-3.59209430832775
seco_wwa,index,csa,2009-11-16,-2.97603962131858
seco_wwa,index,csa,2009-11-23,-1.90373841800208
seco_wwa,index,csa,2009-11-30,-1.23565001320184
seco_wwa,index,csa,2009-12-07,-0.542272992450678
seco_wwa,index,csa,2009-12-14,0.306213114238017
seco_wwa,index,csa,2009-12-21,0.598550330006565
seco_wwa,index,csa,2009-12-28,
seco_wwa,index,csa,2010-01-04,0.520100192524993
seco_wwa,index,csa,2010-01-11,0.65634215616507
seco_wwa,index,csa,2010-01-18,0.993317865384229
seco_wwa,index,csa,2010-01-25,0.778600933036754
seco_wwa,index,csa,2010-02-01,0.860298253885236
seco_wwa,index,csa,2010-02-08,2.34678049214518
seco_wwa,index,csa,2010-02-15,2.82509506199726
seco_wwa,index,csa,2010-02-22,2.76185955835406
seco_wwa,index,csa,2010-03-01,3.0128625561375
seco_wwa,index,csa,2010-03-08,3.342238065018
seco_wwa,index,csa,2010-03-15,3.74076440337725
seco_wwa,index,csa,2010-03-22,3.88669514635774
seco_wwa,index,csa,2010-03-29,3.74186779011878
seco_wwa,index,csa,2010-04-05,3.64757053655588
seco_wwa,index,csa,2010-04-12,4.08226920035007
seco_wwa,index,csa,2010-04-19,4.62697486266675
seco_wwa,index,csa,2010-04-26,5.06199691598462
seco_wwa,index,csa,2010-05-03,5.04658275133919
seco_wwa,index,csa,2010-05-10,5.41096916650351
seco_wwa,index,csa,2010-05-17,5.5300864727205
seco_wwa,index,csa,2010-05-24,5.41013336261511
seco_wwa,index,csa,2010-05-31,5.81132769078646
seco_wwa,index,csa,2010-06-07,5.39730988319119
seco_wwa,index,csa,2010-06-14,5.14592043947339
seco_wwa,index,csa,2010-06-21,5.3684425057325
seco_wwa,index,csa,2010-06-28,5.17745359367416
seco_wwa,index,csa,2010-07-05,4.46715521640862
seco_wwa,index,csa,2010-07-12,4.08302973233145
seco_wwa,index,csa,2010-07-19,4.1744194514782
seco_wwa,index,csa,2010-07-26,4.37530125906092
seco_wwa,index,csa,2010-08-02,3.98622853892608
seco_wwa,index,csa,2010-08-09,4.44286475876825
seco_wwa,index,csa,2010-08-16,4.60015006224811
seco_wwa,index,csa,2010-08-23,4.65676862328505
seco_wwa,index,csa,2010-08-30,4.72306120418282
seco_wwa,index,csa,2010-09-06,4.79422039930422
seco_wwa,index,csa,2010-09-13,4.778797991377
seco_wwa,index,csa,2010-09-20,4.8392191682262
seco_wwa,index,csa,2010-09-27,4.75402447746185
seco_wwa,index,csa,2010-10-04,4.81552861852386
seco_wwa,index,csa,2010-10-11,4.86886245913168
seco_wwa,index,csa,2010-10-18,4.99588369473369
seco_wwa,index,csa,2010-10-25,5.01206600265929
seco_wwa,index,csa,2010-11-01,5.13764404645198
seco_wwa,index,csa,2010-11-08,5.15623369692528
seco_wwa,index,csa,2010-11-15,5.15386282056145
seco_wwa,index,csa,2010-11-22,5.18783189783647
seco_wwa,index,csa,2010-11-29,4.55353866907753
seco_wwa,index,csa,2010-12-06,3.78670242436082
seco_wwa,index,csa,2010-12-13,3.39273247563066
seco_wwa,index,csa,2010-12-20,2.79644266245872
seco_wwa,index,csa,2010-12-27,2.41071650346364
seco_wwa,index,csa,2011-01-03,2.76436896786196
seco_wwa,index,csa,2011-01-10,2.09157706337544
seco_wwa,index,csa,2011-01-17,3.10457199339786
seco_wwa,index,csa,2011-01-24,4.5204009314571
seco_wwa,index,csa,2011-01-31,5.28930615042416
seco_wwa,index,csa,2011-02-07,5.05964811985918
seco_wwa,index,csa,2011-02-14,5.25431300003181
seco_wwa,index,csa,2011-02-21,5.88571989260574
seco_wwa,index,csa,2011-02-28,6.1084184915858
seco_wwa,index,csa,2011-03-07,5.97821667031178
seco_wwa,index,csa,2011-03-14,5.37076441441862
seco_wwa,index,csa,2011-03-21,4.98662730158249
seco_wwa,index,csa,2011-03-28,5.31116405163566
seco_wwa,index,csa,2011-04-04,5.7478682416324
seco_wwa,index,csa,2011-04-11,5.57014105225468
seco_wwa,index,csa,2011-04-18,4.29763465013845
seco_wwa,index,csa,2011-04-25,3.16586695380304
seco_wwa,index,csa,2011-05-02,2.34403603058999
seco_wwa,index,csa,2011-05-09,1.81496541934632
seco_wwa,index,csa,2011-05-16,1.20191401423988
seco_wwa,index,csa,2011-05-23,1.02700139349069
seco_wwa,index,csa,2011-05-30,1.37890589270613
seco_wwa,index,csa,2011-06-06,1.73298515934302
seco_wwa,index,csa,2011-06-13,2.02037888581719
seco_wwa,index,csa,2011-06-20,2.04768905905672
seco_wwa,index,csa,2011-06-27,2.18342452389874
seco_wwa,index,csa,2011-07-04,2.53374314255914
seco_wwa,index,csa,2011-07-11,2.93626888124805
seco_wwa,index,csa,2011-07-18,3.39210674519823
seco_wwa,index,csa,2011-07-25,2.77941954391968
seco_wwa,index,csa,2011-08-01,2.8683699794375
seco_wwa,index,csa,2011-08-08,3.02453022329725
seco_wwa,index,csa,2011-08-15,2.40786758824973
seco_wwa,index,csa,2011-08-22,2.31964093028787
seco_wwa,index,csa,2011-08-29,2.09314943813962
seco_wwa,index,csa,2011-09-05,1.8857966851031
seco_wwa,index,csa,2011-09-12,1.85161792062543
seco_wwa,index,csa,2011-09-19,2.14182621161013
seco_wwa,index,csa,2011-09-26,1.98136074480399
seco_wwa,index,csa,2011-10-03,2.03708189491667
seco_wwa,index,csa,2011-10-10,1.76203562923132
seco_wwa,index,csa,2011-10-17,1.49190474713807
seco_wwa,index,csa,2011-10-24,1.34985605992504
seco_wwa,index,csa,2011-10-31,0.755242110992111
seco_wwa,index,csa,2011-11-07,0.395820232481174
seco_wwa,index,csa,2011-11-14,0.166458447540264
seco_wwa,index,csa,2011-11-21,0.125012157427731
seco_wwa,index,csa,2011-11-28,0.281380817070259
seco_wwa,index,csa,2011-12-05,0.195917058052469
seco_wwa,index,csa,2011-12-12,0.211538366362458
seco_wwa,index,csa,2011-12-19,0.335322148168589
seco_wwa,index,csa,2011-12-26,0.409464418722236
seco_wwa,index,csa,2012-01-02,0.554651086734441
seco_wwa,index,csa,2012-01-09,1.22321706005737
seco_wwa,index,csa,2012-01-16,0.367365739510328
seco_wwa,index,csa,2012-01-23,-0.327591758065455
seco_wwa,index,csa,2012-01-30,-0.955207381413378
seco_wwa,index,csa,2012-02-06,-0.85447123311592
seco_wwa,index,csa,2012-02-13,-0.896761570575854
seco_wwa,index,csa,2012-02-20,-1.31133349030999
seco_wwa,index,csa,2012-02-27,-1.03710777005405
seco_wwa,index,csa,2012-03-05,-0.999899519047419
seco_wwa,index,csa,2012-03-12,-0.8645871171449
seco_wwa,index,csa,2012-03-19,-0.484933075198132
seco_wwa,index,csa,2012-03-26,-0.186977869006151
seco_wwa,index,csa,2012-04-02,0.109336553639391
seco_wwa,index,csa,2012-04-09,-0.197866612803193
seco_wwa,index,csa,2012-04-16,0.184059331443798
seco_wwa,index,csa,2012-04-23,0.606990059730714
seco_wwa,index,csa,2012-04-30,1.08336063813633
seco_wwa,index,csa,2012-05-07,1.49617740675712
seco_wwa,index,csa,2012-05-14,2.03130498960442
seco_wwa,index,csa,2012-05-21,1.9570644106538
seco_wwa,index,csa,2012-05-28,1.6654637866137
seco_wwa,index,csa,2012-06-04,1.49628303551278
seco_wwa,index,csa,2012-06-11,1.40392772097811
seco_wwa,index,csa,2012-06-18,1.24323765112671
seco_wwa,index,csa,2012-06-25,1.2927754542693
seco_wwa,index,csa,2012-07-02,1.24188907194685
seco_wwa,index,csa,2012-07-09,1.19499324005984
seco_wwa,index,csa,2012-07-16,1.07337136712071
seco_wwa,index,csa,2012-07-23,1.29728775111771
seco_wwa,index,csa,2012-07-30,1.56236892147472
seco_wwa,index,csa,2012-08-06,1.97884216883854
seco_wwa,index,csa,2012-08-13,1.7776039921526
seco_wwa,index,csa,2012-08-20,2.02315191910003
seco_wwa,index,csa,2012-08-27,1.74864891836373
seco_wwa,index,csa,2012-09-03,1.53915184355487
seco_wwa,index,csa,2012-09-10,1.41952965619566
seco_wwa,index,csa,2012-09-17,1.19898234717189
seco_wwa,index,csa,2012-09-24,0.870304874453507
seco_wwa,index,csa,2012-10-01,0.813705573059493
seco_wwa,index,csa,2012-10-08,0.763945499679708
seco_wwa,index,csa,2012-10-15,0.662226880395673
seco_wwa,index,csa,2012-10-22,0.769328372224756
seco_wwa,index,csa,2012-10-29,0.828833038547516
seco_wwa,index,csa,2012-11-05,0.804980288109541
seco_wwa,index,csa,2012-11-12,0.860758095835609
seco_wwa,index,csa,2012-11-19,0.889680330213223
seco_wwa,index,csa,2012-11-26,0.765030921434615
seco_wwa,index,csa,2012-12-03,0.818054591089309
seco_wwa,index,csa,2012-12-10,0.99505266567974
seco_wwa,index,csa,2012-12-17,1.47980292350143
seco_wwa,index,csa,2012-12-24,1.26460263060704
seco_wwa,index,csa,2012-12-31,1.47330669207843
seco_wwa,index,csa,2013-01-07,1.47945620822876
seco_wwa,index,csa,2013-01-14,1.42001473999574
seco_wwa,index,csa,2013-01-21,1.61599793297495
seco_wwa,index,csa,2013-01-28,1.74270219709431
seco_wwa,index,csa,2013-02-04,1.56136312735109
seco_wwa,index,csa,2013-02-11,1.76354340327143
seco_wwa,index,csa,2013-02-18,1.42521567583379
seco_wwa,index,csa,2013-02-25,1.41772720565247
seco_wwa,index,csa,2013-03-04,1.5056441770669
seco_wwa,index,csa,2013-03-11,1.65841732778712
seco_wwa,index,csa,2013-03-18,1.77080625757974
seco_wwa,index,csa,2013-03-25,1.18530763278675
seco_wwa,index,csa,2013-04-01,1.07505722829746
seco_wwa,index,csa,2013-04-08,0.888863866964854
seco_wwa,index,csa,2013-04-15,0.861411549629966
seco_wwa,index,csa,2013-04-22,1.00682201841148
seco_wwa,index,csa,2013-04-29,0.953637487874537
seco_wwa,index,csa,2013-05-06,1.07500289346561
seco_wwa,index,csa,2013-05-13,1.29744095663657
seco_wwa,index,csa,2013-05-20,1.36772783030562
seco_wwa,index,csa,2013-05-27,1.26276995581704
seco_wwa,index,csa,2013-06-03,1.19315974716066
seco_wwa,index,csa,2013-06-10,1.07321639925372
seco_wwa,index,csa,2013-06-17,1.14428833366497
seco_wwa,index,csa,2013-06-24,0.934552329403807
seco_wwa,index,csa,2013-07-01,0.943364780964156
seco_wwa,index,csa,2013-07-08,1.0928937843500801
seco_wwa,index,csa,2013-07-15,1.16954605245103
seco_wwa,index,csa,2013-07-22,1.10937717401503
seco_wwa,index,csa,2013-07-29,1.19430593632868
seco_wwa,index,csa,2013-08-05,1.17586187630207
seco_wwa,index,csa,2013-08-12,1.00592551286242
seco_wwa,index,csa,2013-08-19,1.20621773589049
seco_wwa,index,csa,2013-08-26,1.16525063661607
seco_wwa,index,csa,2013-09-02,1.31873832483791
seco_wwa,index,csa,2013-09-09,1.20714862019243
seco_wwa,index,csa,2013-09-16,1.23165181826727
seco_wwa,index,csa,2013-09-23,1.18041056521832
seco_wwa,index,csa,2013-09-30,1.15638990642626
seco_wwa,index,csa,2013-10-07,1.29936113460536
seco_wwa,index,csa,2013-10-14,1.55341089564789
seco_wwa,index,csa,2013-10-21,1.82379223005673
seco_wwa,index,csa,2013-10-28,2.01748532211136
seco_wwa,index,csa,2013-11-04,2.24183086076862
seco_wwa,index,csa,2013-11-11,2.88564217925745
seco_wwa,index,csa,2013-11-18,3.42902884403137
seco_wwa,index,csa,2013-11-25,3.68345983135428
seco_wwa,index,csa,2013-12-02,3.87089064431435
seco_wwa,index,csa,2013-12-09,3.97568463440487
seco_wwa,index,csa,2013-12-16,3.74940907933298
seco_wwa,index,csa,2013-12-23,3.39824465194363
seco_wwa,index,csa,2013-12-30,3.32107328841977
seco_wwa,index,csa,2014-01-06,2.84851187115321
seco_wwa,index,csa,2014-01-13,1.71770994683711
seco_wwa,index,csa,2014-01-20,2.1842137945599
seco_wwa,index,csa,2014-01-27,2.37786590742853
seco_wwa,index,csa,2014-02-03,2.48240295127846
seco_wwa,index,csa,2014-02-10,2.22027973739829
seco_wwa,index,csa,2014-02-17,2.20995070363102
seco_wwa,index,csa,2014-02-24,2.26110533513082
seco_wwa,index,csa,2014-03-03,2.07178533976706
seco_wwa,index,csa,2014-03-10,2.11663661542259
seco_wwa,index,csa,2014-03-17,1.63779854097848
seco_wwa,index,csa,2014-03-24,1.81513899954464
seco_wwa,index,csa,2014-03-31,1.53313276456021
seco_wwa,index,csa,2014-04-07,1.47805871799786
seco_wwa,index,csa,2014-04-14,0.873263720603199
seco_wwa,index,csa,2014-04-21,0.952807694942647
seco_wwa,index,csa,2014-04-28,0.901409542240373
seco_wwa,index,csa,2014-05-05,0.761839677200586
seco_wwa,index,csa,2014-05-12,0.999146090725975
seco_wwa,index,csa,2014-05-19,0.890414478266473
seco_wwa,index,csa,2014-05-26,0.857526777678901
seco_wwa,index,csa,2014-06-02,0.941914881833437
seco_wwa,index,csa,2014-06-09,1.18237792729539
seco_wwa,index,csa,2014-06-16,1.48286384741286
seco_wwa,index,csa,2014-06-23,1.51907541146958
seco_wwa,index,csa,2014-06-30,1.76352335030187
seco_wwa,index,csa,2014-07-07,1.75045248231761
seco_wwa,index,csa,2014-07-14,1.86671852273865
seco_wwa,index,csa,2014-07-21,2.33608941405837
seco_wwa,index,csa,2014-07-28,2.15951071005588
seco_wwa,index,csa,2014-08-04,1.7148605879362
seco_wwa,index,csa,2014-08-11,1.87380427920171
seco_wwa,index,csa,2014-08-18,2.00512589299382
seco_wwa,index,csa,2014-08-25,2.17739805606615
seco_wwa,index,csa,2014-09-01,1.96550178917077
seco_wwa,index,csa,2014-09-08,1.90651502171074
seco_wwa,index,csa,2014-09-15,1.78013370807664
seco_wwa,index,csa,2014-09-22,1.6516932614951
seco_wwa,index,csa,2014-09-29,1.84537112048242
seco_wwa,index,csa,2014-10-06,1.81566000477508
seco_wwa,index,csa,2014-10-13,2.21846918121107
seco_wwa,index,csa,2014-10-20,2.29516808707988
seco_wwa,index,csa,2014-10-27,1.95147132819363
seco_wwa,index,csa,2014-11-03,2.85263045277895
seco_wwa,index,csa,2014-11-10,2.61337824505022
seco_wwa,index,csa,2014-11-17,1.51307810924955
seco_wwa,index,csa,2014-11-24,0.412930052872858
seco_wwa,index,csa,2014-12-01,0.385515316298352
seco_wwa,index,csa,2014-12-08,0.526596246339422
seco_wwa,index,csa,2014-12-15,0.757906932956769
seco_wwa,index,csa,2014-12-22,0.790393315125754
seco_wwa,index,csa,2014-12-29,0.456897205510674
seco_wwa,index,csa,2015-01-05,0.288660188995897
seco_wwa,index,csa,2015-01-12,0.245228445612382
seco_wwa,index,csa,2015-01-19,0.508052757655102
seco_wwa,index,csa,2015-01-26,0.650016444590821
seco_wwa,index,csa,2015-02-02,0.466545624382609
seco_wwa,index,csa,2015-02-09,0.532571463908469
seco_wwa,index,csa,2015-02-16,0.450266402767795
seco_wwa,index,csa,2015-02-23,0.468389508860557
seco_wwa,index,csa,2015-03-02,0.191941247959306
seco_wwa,index,csa,2015-03-09,0.141115884365994
seco_wwa,index,csa,2015-03-16,0.640913604285858
seco_wwa,index,csa,2015-03-23,0.823140331649798
seco_wwa,index,csa,2015-03-30,0.720614571806958
seco_wwa,index,csa,2015-04-06,0.31878992877007
seco_wwa,index,csa,2015-04-13,0.241151064861539
seco_wwa,index,csa,2015-04-20,1.12691726720376
seco_wwa,index,csa,2015-04-27,1.52403579932035
seco_wwa,index,csa,2015-05-04,1.74263025537686
seco_wwa,index,csa,2015-05-11,1.12686499463877
seco_wwa,index,csa,2015-05-18,1.63943471100157
seco_wwa,index,csa,2015-05-25,1.41204120728346
seco_wwa,index,csa,2015-06-01,1.6857749567872
seco_wwa,index,csa,2015-06-08,1.98870896828232
seco_wwa,index,csa,2015-06-15,1.51309907273444
seco_wwa,index,csa,2015-06-22,0.897444530346868
seco_wwa,index,csa,2015-06-29,0.936367465283928
seco_wwa,index,csa,2015-07-06,0.480447734775854
seco_wwa,index,csa,2015-07-13,0.275184022681948
seco_wwa,index,csa,2015-07-20,0.270011041790359
seco_wwa,index,csa,2015-07-27,0.460539621095419
seco_wwa,index,csa,2015-08-03,0.602468897092271
seco_wwa,index,csa,2015-08-10,0.647982823869633
seco_wwa,index,csa,2015-08-17,0.584104141518919
seco_wwa,index,csa,2015-08-24,0.13106477460359
seco_wwa,index,csa,2015-08-31,0.335416752252955
seco_wwa,index,csa,2015-09-07,0.505852982104302
seco_wwa,index,csa,2015-09-14,0.775568840573948
seco_wwa,index,csa,2015-09-21,0.639641836713023
seco_wwa,index,csa,2015-09-28,1.20014144306766
seco_wwa,index,csa,2015-10-05,1.49080664563683
seco_wwa,index,csa,2015-10-12,1.83984330658273
seco_wwa,index,csa,2015-10-19,1.59331651588337
seco_wwa,index,csa,2015-10-26,1.36855345863316
seco_wwa,index,csa,2015-11-02,1.74152145495459
seco_wwa,index,csa,2015-11-09,1.56081241556619
seco_wwa,index,csa,2015-11-16,0.830018519507171
seco_wwa,index,csa,2015-11-23,1.46916602266217
seco_wwa,index,csa,2015-11-30,2.06019948354426
seco_wwa,index,csa,2015-12-07,2.19298245086992
seco_wwa,index,csa,2015-12-14,1.87556786087713
seco_wwa,index,csa,2015-12-21,1.39178700152698
seco_wwa,index,csa,2015-12-28,
seco_wwa,index,csa,2016-01-04,2.51281527638161
seco_wwa,index,csa,2016-01-11,2.799629252219
seco_wwa,index,csa,2016-01-18,2.63282937392199
seco_wwa,index,csa,2016-01-25,2.44096940598714
seco_wwa,index,csa,2016-02-01,2.34375275495873
seco_wwa,index,csa,2016-02-08,2.36426046937607
seco_wwa,index,csa,2016-02-15,2.14317729811494
seco_wwa,index,csa,2016-02-22,1.53139216920691
seco_wwa,index,csa,2016-02-29,1.63190573462243
seco_wwa,index,csa,2016-03-07,1.64637371128865
seco_wwa,index,csa,2016-03-14,1.57174884596872
seco_wwa,index,csa,2016-03-21,1.56469608809579
seco_wwa,index,csa,2016-03-28,1.9941506264011
seco_wwa,index,csa,2016-04-04,1.73563837599547
seco_wwa,index,csa,2016-04-11,1.76022275375415
seco_wwa,index,csa,2016-04-18,2.10130071558421
seco_wwa,index,csa,2016-04-25,1.65949459770545
seco_wwa,index,csa,2016-05-02,0.730153257564406
seco_wwa,index,csa,2016-05-09,1.02051449158179
seco_wwa,index,csa,2016-05-16,1.09939763165501
seco_wwa,index,csa,2016-05-23,0.741602484411722
seco_wwa,index,csa,2016-05-30,0.991537140172868
seco_wwa,index,csa,2016-06-06,0.77024554219613
seco_wwa,index,csa,2016-06-13,0.403054222264038
seco_wwa,index,csa,2016-06-20,0.236349272010815
seco_wwa,index,csa,2016-06-27,0.501931357293544
seco_wwa,index,csa,2016-07-04,0.356559037148549
seco_wwa,index,csa,2016-07-11,0.685419194945335
seco_wwa,index,csa,2016-07-18,1.1497266425308
seco_wwa,index,csa,2016-07-25,1.22346477156375
seco_wwa,index,csa,2016-08-01,1.17484351460822
seco_wwa,index,csa,2016-08-08,1.16249812875856
seco_wwa,index,csa,2016-08-15,1.24889064292026
seco_wwa,index,csa,2016-08-22,1.41357898898654
seco_wwa,index,csa,2016-08-29,1.28496170112776
seco_wwa,index,csa,2016-09-05,1.46465869132715
seco_wwa,index,csa,2016-09-12,1.89977067584201
seco_wwa,index,csa,2016-09-19,2.01223379501651
seco_wwa,index,csa,2016-09-26,1.17690959813023
seco_wwa,index,csa,2016-10-03,0.667156275231203
seco_wwa,index,csa,2016-10-10,0.0786709378759816
seco_wwa,index,csa,2016-10-17,0.529501739140623
seco_wwa,index,csa,2016-10-24,0.103341270224579
seco_wwa,index,csa,2016-10-31,0.641919673114907
seco_wwa,index,csa,2016-11-07,0.713035135992401
seco_wwa,index,csa,2016-11-14,0.459389506648513
seco_wwa,index,csa,2016-11-21,0.152749377804554
seco_wwa,index,csa,2016-11-28,-0.34896449699168
seco_wwa,index,csa,2016-12-05,-0.584389077115607
seco_wwa,index,csa,2016-12-12,-1.49641819738825
seco_wwa,index,csa,2016-12-19,-0.958866574263172
seco_wwa,index,csa,2016-12-26,-0.755850356722299
seco_wwa,index,csa,2017-01-02,-1.11011923078131
seco_wwa,index,csa,2017-01-09,0.293713853988279
seco_wwa,index,csa,2017-01-16,-0.247496272785158
seco_wwa,index,csa,2017-01-23,0.217835599756764
seco_wwa,index,csa,2017-01-30,-0.33589837755365
seco_wwa,index,csa,2017-02-06,-0.200826152654352
seco_wwa,index,csa,2017-02-13,0.168513573625338
seco_wwa,index,csa,2017-02-20,0.00241913196567589
seco_wwa,index,csa,2017-02-27,0.412377679741522
seco_wwa,index,csa,2017-03-06,0.0792372601461819
seco_wwa,index,csa,2017-03-13,-0.0486091052209403
seco_wwa,index,csa,2017-03-20,-0.016543139285943
seco_wwa,index,csa,2017-03-27,-0.566606649219053
seco_wwa,index,csa,2017-04-03,-0.0335369775949199
seco_wwa,index,csa,2017-04-10,-0.0463116820692886
seco_wwa,index,csa,2017-04-17,0.245202702295504
seco_wwa,index,csa,2017-04-24,-0.478699092160369
seco_wwa,index,csa,2017-05-01,0.89879067481275
seco_wwa,index,csa,2017-05-08,1.16183055638579
seco_wwa,index,csa,2017-05-15,1.49320212114569
seco_wwa,index,csa,2017-05-22,1.38649955602211
seco_wwa,index,csa,2017-05-29,1.36911181490592
seco_wwa,index,csa,2017-06-05,1.55186549957804
seco_wwa,index,csa,2017-06-12,1.7186905730389
seco_wwa,index,csa,2017-06-19,1.62003590917692
seco_wwa,index,csa,2017-06-26,1.5008841530813
seco_wwa,index,csa,2017-07-03,1.60310453429493
seco_wwa,index,csa,2017-07-10,1.56371418163566
seco_wwa,index,csa,2017-07-17,1.32651462433543
seco_wwa,index,csa,2017-07-24,1.60875611876734
seco_wwa,index,csa,2017-07-31,1.29534831355642
seco_wwa,index,csa,2017-08-07,1.56872174617036
seco_wwa,index,csa,2017-08-14,1.93289350852766
seco_wwa,index,csa,2017-08-21,1.92385181775656
seco_wwa,index,csa,2017-08-28,1.34404380804162
seco_wwa,index,csa,2017-09-04,2.02154028688404
seco_wwa,index,csa,2017-09-11,1.51015420781643
seco_wwa,index,csa,2017-09-18,1.46623511942989
seco_wwa,index,csa,2017-09-25,1.51351307950065
seco_wwa,index,csa,2017-10-02,1.91749757481308
seco_wwa,index,csa,2017-10-09,1.79691870662675
seco_wwa,index,csa,2017-10-16,2.24632346454891
seco_wwa,index,csa,2017-10-23,2.14670484436999
seco_wwa,index,csa,2017-10-30,2.00071647790519
seco_wwa,index,csa,2017-11-06,2.50338893823374
seco_wwa,index,csa,2017-11-13,2.60071814788504
seco_wwa,index,csa,2017-11-20,2.85014736462145
seco_wwa,index,csa,2017-11-27,2.75562602524894
seco_wwa,index,csa,2017-12-04,2.53202452111175
seco_wwa,index,csa,2017-12-11,3.00056417774844
seco_wwa,index,csa,2017-12-18,3.16137211039163
seco_wwa,index,csa,2017-12-25,3.30599458534388
seco_wwa,index,csa,2018-01-01,3.03898532024287
seco_wwa,index,csa,2018-01-08,2.76158853241659
seco_wwa,index,csa,2018-01-15,2.80139138828824
seco_wwa,index,csa,2018-01-22,2.96196306447378
seco_wwa,index,csa,2018-01-29,2.93100188860641
seco_wwa,index,csa,2018-02-05,2.93713859360406
seco_wwa,index,csa,2018-02-12,2.54118767787174
seco_wwa,index,csa,2018-02-19,2.03383176747306
seco_wwa,index,csa,2018-02-26,1.82795180245009
seco_wwa,index,csa,2018-03-05,2.36512472612577
seco_wwa,index,csa,2018-03-12,2.56332094057735
seco_wwa,index,csa,2018-03-19,2.88781868773483
seco_wwa,index,csa,2018-03-26,3.26061654662824
seco_wwa,index,csa,2018-04-02,2.43295424758143
seco_wwa,index,csa,2018-04-09,2.85104851728409
seco_wwa,index,csa,2018-04-16,2.51276910986008
seco_wwa,index,csa,2018-04-23,2.64050757714914
seco_wwa,index,csa,2018-04-30,2.51230641160548
seco_wwa,index,csa,2018-05-07,2.21938842619635
seco_wwa,index,csa,2018-05-14,1.62655523107917
seco_wwa,index,csa,2018-05-21,2.77588370474857
seco_wwa,index,csa,2018-05-28,3.08204251094973
seco_wwa,index,csa,2018-06-04,3.12356030990749
seco_wwa,index,csa,2018-06-11,2.96718946217629
seco_wwa,index,csa,2018-06-18,2.96341242705967
seco_wwa,index,csa,2018-06-25,2.78243231754202
seco_wwa,index,csa,2018-07-02,2.88387857640717
seco_wwa,index,csa,2018-07-09,2.28418540388577
seco_wwa,index,csa,2018-07-16,1.7529002547759
seco_wwa,index,csa,2018-07-23,1.30973670492143
seco_wwa,index,csa,2018-07-30,1.44802851309014
seco_wwa,index,csa,2018-08-06,1.30011854270309
seco_wwa,index,csa,2018-08-13,1.35260495309448
seco_wwa,index,csa,2018-08-20,1.27575784566485
seco_wwa,index,csa,2018-08-27,1.05295957779854
seco_wwa,index,csa,2018-09-03,0.80756821145232
seco_wwa,index,csa,2018-09-10,0.647411228088715
seco_wwa,index,csa,2018-09-17,0.907596289346134
seco_wwa,index,csa,2018-09-24,1.20406483178911
seco_wwa,index,csa,2018-10-01,1.15824041373002
seco_wwa,index,csa,2018-10-08,1.19056517721494
seco_wwa,index,csa,2018-10-15,1.50924342986823
seco_wwa,index,csa,2018-10-22,1.51383038829658
seco_wwa,index,csa,2018-10-29,1.66314655712903
seco_wwa,index,csa,2018-11-05,1.45619610136327
seco_wwa,index,csa,2018-11-12,1.54552080067179
seco_wwa,index,csa,2018-11-19,1.59856685625233
seco_wwa,index,csa,2018-11-26,1.41289957148619
seco_wwa,index,csa,2018-12-03,1.52287714746686
seco_wwa,index,csa,2018-12-10,1.60408277965002
seco_wwa,index,csa,2018-12-17,1.65056408967796
seco_wwa,index,csa,2018-12-24,1.62035721668484
seco_wwa,index,csa,2018-12-31,1.40443754992546
seco_wwa,index,csa,2019-01-07,1.40387378911294
seco_wwa,index,csa,2019-01-14,0.914381133407483
seco_wwa,index,csa,2019-01-21,1.71922695229503
seco_wwa,index,csa,2019-01-28,1.39404827851427
seco_wwa,index,csa,2019-02-04,1.48528750168466
seco_wwa,index,csa,2019-02-11,1.55564001680581
seco_wwa,index,csa,2019-02-18,2.61665676347962
seco_wwa,index,csa,2019-02-25,2.87463319980776
seco_wwa,index,csa,2019-03-04,2.337989883598
seco_wwa,index,csa,2019-03-11,2.42724736341819
seco_wwa,index,csa,2019-03-18,1.73218098858404
seco_wwa,index,csa,2019-03-25,1.97230166446099
seco_wwa,index,csa,2019-04-01,2.5970812430035
seco_wwa,index,csa,2019-04-08,2.66272445084994
seco_wwa,index,csa,2019-04-15,2.44589459883041
seco_wwa,index,csa,2019-04-22,2.335388401406
seco_wwa,index,csa,2019-04-29,2.28393480761402
seco_wwa,index,csa,2019-05-06,2.49110265576762
seco_wwa,index,csa,2019-05-13,2.79842483635825
seco_wwa,index,csa,2019-05-20,2.21479793255385
seco_wwa,index,csa,2019-05-27,2.01017650410738
seco_wwa,index,csa,2019-06-03,1.89017520762793
seco_wwa,index,csa,2019-06-10,1.92529352494168
seco_wwa,index,csa,2019-06-17,2.24598864866764
seco_wwa,index,csa,2019-06-24,2.32828038135189
seco_wwa,index,csa,2019-07-01,1.96688810028658
seco_wwa,index,csa,2019-07-08,2.23870504140808
seco_wwa,index,csa,2019-07-15,1.94992823350787
seco_wwa,index,csa,2019-07-22,1.75575333453429
seco_wwa,index,csa,2019-07-29,1.74060332978967
seco_wwa,index,csa,2019-08-05,1.8898881419614
seco_wwa,index,csa,2019-08-12,2.16719014246219
seco_wwa,index,csa,2019-08-19,1.81286476193312
seco_wwa,index,csa,2019-08-26,1.97068977161335
seco_wwa,index,csa,2019-09-02,2.64576616574678
seco_wwa,index,csa,2019-09-09,2.27945786270124
seco_wwa,index,csa,2019-09-16,2.01259414679514
seco_wwa,index,csa,2019-09-23,1.98180976873913
seco_wwa,index,csa,2019-09-30,1.94042820727786
seco_wwa,index,csa,2019-10-07,1.46408011529278
seco_wwa,index,csa,2019-10-14,1.40162238103818
seco_wwa,index,csa,2019-10-21,1.56442658667398
seco_wwa,index,csa,2019-10-28,1.34325108698459
seco_wwa,index,csa,2019-11-04,1.12892757266008
seco_wwa,index,csa,2019-11-11,0.892323708994876
seco_wwa,index,csa,2019-11-18,0.880744945309896
seco_wwa,index,csa,2019-11-25,0.831993105262246
seco_wwa,index,csa,2019-12-02,1.02539969821922
seco_wwa,index,csa,2019-12-09,1.09261035573115
seco_wwa,index,csa,2019-12-16,1.17573409446813
seco_wwa,index,csa,2019-12-23,0.471692134089631
seco_wwa,index,csa,2019-12-30,0.630291747129799
seco_wwa,index,csa,2020-01-06,0.310103696745633
seco_wwa,index,csa,2020-01-13,-0.395307310220747
seco_wwa,index,csa,2020-01-20,0.268844713189326
seco_wwa,index,csa,2020-01-27,-0.200102373912259
seco_wwa,index,csa,2020-02-03,-0.412274193235941
seco_wwa,index,csa,2020-02-10,-0.272105694888048
seco_wwa,index,csa,2020-02-17,-0.712836052438154
seco_wwa,index,csa,2020-02-24,-1.51492419512719
seco_wwa,index,csa,2020-03-02,-1.33634012854078
seco_wwa,index,csa,2020-03-09,-0.534670488407313
seco_wwa,index,csa,2020-03-16,-0.70419152358553
seco_wwa,index,csa,2020-03-23,-2.74467279180101
seco_wwa,index,csa,2020-03-30,-5.13918013577946
seco_wwa,index,csa,2020-04-06,-8.7948151704975
seco_wwa,index,csa,2020-04-13,-10.4516458601791
seco_wwa,index,csa,2020-04-20,-9.44882938887135
seco_wwa,index,csa,2020-04-27,-7.5269204102819
seco_wwa,index,csa,2020-05-04,-6.41606926226019
seco_wwa,index,csa,2020-05-11,-6.51487251568658
seco_wwa,index,csa,2020-05-18,-6.83666885717974
seco_wwa,index,csa,2020-05-25,-5.79697691715506
seco_wwa,index,csa,2020-06-01,-5.81671325771373
seco_wwa,index,csa,2020-06-08,-5.42545135527889
seco_wwa,index,csa,2020-06-15,-5.2095449500644
seco_wwa,index,csa,2020-06-22,-3.99796460443522
seco_wwa,index,csa,2020-06-29,-3.80718199569428
seco_wwa,index,csa,2020-07-06,-3.7452856232355898
seco_wwa,index,csa,2020-07-13,-3.50057370819757
seco_wwa,index,csa,2020-07-20,-2.85151817213881
seco_wwa,index,csa,2020-07-27,-2.16875525417215
seco_wwa,index,csa,2020-08-03,-2.21188314183572
seco_wwa,index,csa,2020-08-10,-2.42073010800187
seco_wwa,index,csa,2020-08-17,-1.65557559335562
seco_wwa,index,csa,2020-08-24,-2.08827438842652
seco_wwa,index,csa,2020-08-31,-1.78651838371974
seco_wwa,index,csa,2020-09-07,-1.70185173279923
seco_wwa,index,csa,2020-09-14,-2.04400947710146
seco_wwa,index,csa,2020-09-21,-1.53705315814501
seco_wwa,index,csa,2020-09-28,-0.960667225307471
seco_wwa,index,csa,2020-10-05,-1.64862680030237
seco_wwa,index,csa,2020-10-12,-1.32424729604115
seco_wwa,index,csa,2020-10-19,-1.43750095972409
seco_wwa,index,csa,2020-10-26,-0.871903763869414
seco_wwa,index,csa,2020-11-02,-0.474195846177894
seco_wwa,index,csa,2020-11-09,-0.658924727679812
seco_wwa,index,csa,2020-11-16,-0.494745726615304
seco_wwa,index,csa,2020-11-23,-0.98844311654122
seco_wwa,index,csa,2020-11-30,-0.45824328128459
seco_wwa,index,csa,2020-12-07,-0.42047485588576
seco_wwa,index,csa,2020-12-14,0.323127648923892
seco_wwa,index,csa,2020-12-21,-0.207639894876622
seco_wwa,index,csa,2020-12-28,
seco_wwa,index,csa,2021-01-04,-0.923778758625145
seco_wwa,index,csa,2021-01-11,-0.70456534568272
seco_wwa,index,csa,2021-01-18,-0.876846961980293
seco_wwa,index,csa,2021-01-25,-1.589133668381
seco_wwa,index,csa,2021-02-01,-2.25004450878909
seco_wwa,index,csa,2021-02-08,-2.25173375370305
seco_wwa,index,csa,2021-02-15,-1.03108282557262
seco_wwa,index,csa,2021-02-22,-0.984243744775569
seco_wwa,index,csa,2021-03-01,0.189913541856259
seco_wwa,index,csa,2021-03-08,0.764124757132207
seco_wwa,index,csa,2021-03-15,1.07593544765388
seco_wwa,index,csa,2021-03-22,3.62617928745455
seco_wwa,index,csa,2021-03-29,6.28066795180255
seco_wwa,index,csa,2021-04-05,11.5322470770245
seco_wwa,index,csa,2021-04-12,13.5032619722632
seco_wwa,index,csa,2021-04-19,11.3932249793171
seco_wwa,index,csa,2021-04-26,10.6988665092512
seco_wwa,index,csa,2021-05-03,9.17783740421683
seco_wwa,index,csa,2021-05-10,8.04807304199696
seco_wwa,index,csa,2021-05-17,8.85254200195526
seco_wwa,index,csa,2021-05-24,7.54818577202693
seco_wwa,index,csa,2021-05-31,7.3688622757906
seco_wwa,index,csa,2021-06-07,6.79061226985373
seco_wwa,index,csa,2021-06-14,6.82437653582735
seco_wwa,index,csa,2021-06-21,6.0336047050153
seco_wwa,index,csa,2021-06-28,5.50927404646386
seco_wwa,index,csa,2021-07-05,5.12354551366175
seco_wwa,index,csa,2021-07-12,4.36690420767812
seco_wwa,index,csa,2021-07-19,4.48697512976325
seco_wwa,index,csa,2021-07-26,4.36026330926583
seco_wwa,index,csa,2021-08-02,4.306427048556
seco_wwa,index,csa,2021-08-09,4.00183773160655
seco_wwa,index,csa,2021-08-16,4.08754032181572
seco_wwa,index,csa,2021-08-23,4.59081135081222
seco_wwa,index,csa,2021-08-30,4.12515267188542
seco_wwa,index,csa,2021-09-06,4.14433698513479
seco_wwa,index,csa,2021-09-13,4.38004824927345
seco_wwa,index,csa,2021-09-20,4.17649333498416
seco_wwa,index,csa,2021-09-27,3.88738073038425
seco_wwa,index,csa,2021-10-04,4.29966942313757
seco_wwa,index,csa,2021-10-11,4.50820540560211
seco_wwa,index,csa,2021-10-18,4.29286282195067
seco_wwa,index,csa,2021-10-25,4.52712405931006
seco_wwa,index,csa,2021-11-01,4.38247164856063
seco_wwa,index,csa,2021-11-08,4.0456565566952
seco_wwa,index,csa,2021-11-15,4.39724093878984
seco_wwa,index,csa,2021-11-22,4.47708747366274
seco_wwa,index,csa,2021-11-29,4.92018304177027
seco_wwa,index,csa,2021-12-06,4.46373868181767
seco_wwa,index,csa,2021-12-13,3.16595127055425
seco_wwa,index,csa,2021-12-20,2.60412316279244
seco_wwa,index,csa,2021-12-27,3.38835271190129
seco_wwa,index,csa,2022-01-03,3.60193868073053
seco_wwa,index,csa,2022-01-10,2.44188558942948
seco_wwa,index,csa,2022-01-17,3.51618667962366
seco_wwa,index,csa,2022-01-24,3.75268551443009
seco_wwa,index,csa,2022-01-31,4.51064681804749
seco_wwa,index,csa,2022-02-07,5.221229500788
seco_wwa,index,csa,2022-02-14,4.06838111417897
seco_wwa,index,csa,2022-02-21,3.74869481663922
seco_wwa,index,csa,2022-02-28,3.53300460836402
seco_wwa,index,csa,2022-03-07,2.7111425556093
seco_wwa,index,csa,2022-03-14,2.97457058846033
seco_wwa,index,csa,2022-03-21,2.3723907992725
seco_wwa,index,csa,2022-03-28,2.69097109983669
seco_wwa,index,csa,2022-04-04,1.60944843295007
seco_wwa,index,csa,2022-04-11,1.81357995223171
seco_wwa,index,csa,2022-04-18,1.72815941600271
seco_wwa,index,csa,2022-04-25,1.92066539455965
seco_wwa,index,csa,2022-05-02,1.69606505114055
seco_wwa,index,csa,2022-05-09,2.64184443661835
seco_wwa,index,csa,2022-05-16,2.6245556342458
seco_wwa,index,csa,2022-05-23,2.84123248984507
seco_wwa,index,csa,2022-05-30,2.83113092339377
seco_wwa,index,csa,2022-06-06,2.59132748334862
seco_wwa,index,csa,2022-06-13,2.71240580572726
seco_wwa,index,csa,2022-06-20,2.43839214572277
seco_wwa,index,csa,2022-06-27,2.81104616392679
seco_wwa,index,csa,2022-07-04,1.92144860853863
seco_wwa,index,csa,2022-07-11,1.87288564785311
seco_wwa,index,csa,2022-07-18,1.25940943099067
seco_wwa,index,csa,2022-07-25,1.71535503896361
seco_wwa,index,csa,2022-08-01,1.69036919032871
seco_wwa,index,csa,2022-08-08,1.26270390964756
seco_wwa,index,csa,2022-08-15,1.57309762062276
seco_wwa,index,csa,2022-08-22,1.5574338883667
seco_wwa,index,csa,2022-08-29,1.81205760197357
seco_wwa,index,csa,2022-09-05,1.52316222265076
seco_wwa,index,csa,2022-09-12,1.60001234247109
seco_wwa,index,csa,2022-09-19,1.47763720161575
seco_wwa,index,csa,2022-09-26,1.08455953674014
seco_wwa,index,csa,2022-10-03,0.986316791905711
seco_wwa,index,csa,2022-10-10,0.930461143609582
seco_wwa,index,csa,2022-10-17,0.894694072338215
seco_wwa,index,csa,2022-10-24,0.604814074699663
seco_wwa,index,csa,2022-10-31,0.50100660952059906
seco_wwa,index,csa,2022-11-07,0.763481361343918
seco_wwa,index,csa,2022-11-14,0.892961503840675
seco_wwa,index,csa,2022-11-21,0.292848698010838
seco_wwa,index,csa,2022-11-28,0.11494088014065
seco_wwa,index,csa,2022-12-05,0.119843053781605
seco_wwa,index,csa,2022-12-12,0.505293200014879
seco_wwa,index,csa,2022-12-19,1.68322655124726
seco_wwa,index,csa,2022-12-26,2.37674171642894
seco_wwa,index,csa,2023-01-02,2.15249660199556
seco_wwa,index,csa,2023-01-09,1.50428236611773
seco_wwa,index,csa,2023-01-16,0.452124739705405
seco_wwa,index,csa,2023-01-23,1.27388971973916
seco_wwa,index,csa,2023-01-30,1.15118022464417
seco_wwa,index,csa,2023-02-06,1.36572277739729
seco_wwa,index,csa,2023-02-13,0.854575265176634
seco_wwa,index,csa,2023-02-20,0.679812815164918
seco_wwa,index,csa,2023-02-27,0.538037266239818
seco_wwa,index,csa,2023-03-06,0.80714344555344
seco_wwa,index,csa,2023-03-13,0.723596227140248
seco_wwa,index,csa,2023-03-20,1.04492602116379
seco_wwa,index,csa,2023-03-27,0.908036961575358
seco_wwa,index,csa,2023-04-03,0.794691866145921
seco_wwa,index,csa,2023-04-10,0.901901943804574
seco_wwa,index,csa,2023-04-17,1.16202226391407
seco_wwa,index,csa,2023-04-24,0.85972033804258
seco_wwa,index,csa,2023-05-01,0.517219356179309
seco_wwa,index,csa,2023-05-08,0.252458857735138
seco_wwa,index,csa,2023-05-15,-0.403391163810362
seco_wwa,index,csa,2023-05-22,-0.17740889375629
seco_wwa,index,csa,2023-05-29,-0.372439100475661
seco_wwa_pre_covid,index,csa,2019-12-30,0.241484342270624
seco_wwa_pre_covid,index,csa,2020-01-06,0.227802535389458
seco_wwa_pre_covid,index,csa,2020-01-13,0.124665878486738
seco_wwa_pre_covid,index,csa,2020-01-20,-0.532295194788262
seco_wwa_pre_covid,index,csa,2020-01-27,-0.28558847446098
seco_wwa_pre_covid,index,csa,2020-02-03,-0.369510281749484
seco_wwa_pre_covid,index,csa,2020-02-10,-0.360974179628442
seco_wwa_pre_covid,index,csa,2020-02-17,-0.924566765974276
seco_wwa_pre_covid,index,csa,2020-02-24,-1.34888902654927
seco_wwa_pre_covid,index,csa,2020-03-02,-1.28776093753028
seco_wwa_pre_covid,index,csa,2020-03-09,-1.01345262759331
seco_wwa_pre_covid,index,csa,2020-03-16,-3.05304918982722
seco_wwa_pre_covid,index,csa,2020-03-23,-4.65266643996839
seco_wwa_pre_covid,index,csa,2020-03-30,-5.78585908361525
seco_wwa_pre_covid,index,csa,2020-04-06,-8.59284266044179
seco_wwa_pre_covid,index,csa,2020-04-13,-10.4450377670317
seco_wwa_pre_covid,index,csa,2020-04-20,-9.85521005048068
seco_wwa_pre_covid,index,csa,2020-04-27,-7.99713436537608
seco_wwa_pre_covid,index,csa,2020-05-04,-6.48465785778865
seco_wwa_pre_covid,index,csa,2020-05-11,-6.34699956260467
seco_wwa_pre_covid,index,csa,2020-05-18,-6.98810731409147
seco_wwa_pre_covid,index,csa,2020-05-25,-5.6918237577197
seco_wwa_pre_covid,index,csa,2020-06-01,-6.27917243775788
seco_wwa_pre_covid,index,csa,2020-06-08,-5.18131296702499
seco_wwa_pre_covid,index,csa,2020-06-15,-5.06580113881007
seco_wwa_pre_covid,index,csa,2020-06-22,-4.75845562088047
seco_wwa_pre_covid,index,csa,2020-06-29,-4.3920585937216
seco_wwa_pre_covid,index,csa,2020-07-06,-3.72511684157486
seco_wwa_pre_covid,index,csa,2020-07-13,-3.68982924559641
seco_wwa_pre_covid,index,csa,2020-07-20,-3.55909950273282
seco_wwa_pre_covid,index,csa,2020-07-27,-2.87327476120144
seco_wwa_pre_covid,index,csa,2020-08-03,-1.81298958117839
seco_wwa_pre_covid,index,csa,2020-08-10,-1.77976695168667
seco_wwa_pre_covid,index,csa,2020-08-17,-2.10080567260323
seco_wwa_pre_covid,index,csa,2020-08-24,-2.17096750770359
seco_wwa_pre_covid,index,csa,2020-08-31,-1.95245090816918
seco_wwa_pre_covid,index,csa,2020-09-07,-2.6690148959898
seco_wwa_pre_covid,index,csa,2020-09-14,-2.46271702547215
seco_wwa_pre_covid,index,csa,2020-09-21,-2.85688256306234
seco_wwa_pre_covid,index,csa,2020-09-28,-1.57155324364327
seco_wwa_pre_covid,index,csa,2020-10-05,-2.07804473513085
seco_wwa_pre_covid,index,csa,2020-10-12,-2.04454627575355
seco_wwa_pre_covid,index,csa,2020-10-19,-2.26542472634874
seco_wwa_pre_covid,index,csa,2020-10-26,-1.51772698555195
seco_wwa_pre_covid,index,csa,2020-11-02,-1.24754146833804
seco_wwa_pre_covid,index,csa,2020-11-09,-1.46666563190577
seco_wwa_pre_covid,index,csa,2020-11-16,-1.34508547208446
seco_wwa_pre_covid,index,csa,2020-11-23,-1.45927472478023
seco_wwa_pre_covid,index,csa,2020-11-30,-1.14189587553855
seco_wwa_pre_covid,index,csa,2020-12-07,-1.25881709483502
seco_wwa_pre_covid,index,csa,2020-12-14,-1.21835971122526
seco_wwa_pre_covid,index,csa,2020-12-21,-0.684845175212246
seco_wwa_pre_covid,index,csa,2021-01-04,-0.850959657706767
seco_wwa_pre_covid,index,csa,2021-01-11,-0.978914381587657
seco_wwa_pre_covid,index,csa,2021-01-18,-1.45508928813085
seco_wwa_pre_covid,index,csa,2021-01-25,-2.31541756608354
seco_wwa_pre_covid,index,csa,2021-02-01,-2.68124762613604
seco_wwa_pre_covid,index,csa,2021-02-08,-2.93211244295232
seco_wwa_pre_covid,index,csa,2021-02-15,-2.25737035339618
seco_wwa_pre_covid,index,csa,2021-02-22,-1.65351538277659
seco_wwa_pre_covid,index,csa,2021-03-01,-0.486097750117068
seco_wwa_pre_covid,index,csa,2021-03-08,-0.435583617495993
seco_wwa_pre_covid,index,csa,2021-03-15,-0.111039009280754
seco_wwa_pre_covid,index,csa,2021-03-22,-0.0720891424995453
seco_wwa_pre_covid,index,csa,2021-03-29,0.10622912261725
seco_wwa_pre_covid,index,csa,2021-04-05,1.67270008954611
seco_wwa_pre_covid,index,csa,2021-04-12,2.44488135310372
seco_wwa_pre_covid,index,csa,2021-04-19,1.70683101737792
seco_wwa_pre_covid,index,csa,2021-04-26,0.975055095169285
seco_wwa_pre_covid,index,csa,2021-05-03,-0.178809676053049
seco_wwa_pre_covid,index,csa,2021-05-10,-0.731543790691973
seco_wwa_pre_covid,index,csa,2021-05-17,-0.193856392690712
seco_wwa_pre_covid,index,csa,2021-05-24,-0.162661776971198
seco_wwa_pre_covid,index,csa,2021-05-31,-0.0737858447402218
seco_wwa_pre_covid,index,csa,2021-06-07,-0.162419637009066
seco_wwa_pre_covid,index,csa,2021-06-14,-0.298321133359604
seco_wwa_pre_covid,index,csa,2021-06-21,-0.174849244543843
seco_wwa_pre_covid,index,csa,2021-06-28,-0.0916040095024329
seco_wwa_pre_covid,index,csa,2021-07-05,0.0904126606961846
seco_wwa_pre_covid,index,csa,2021-07-12,-0.00313241573890721
seco_wwa_pre_covid,index,csa,2021-07-19,0.123570556838313
seco_wwa_pre_covid,index,csa,2021-07-26,0.193468147035841
seco_wwa_pre_covid,index,csa,2021-08-02,0.467798055348673
seco_wwa_pre_covid,index,csa,2021-08-09,0.819872128435733
seco_wwa_pre_covid,index,csa,2021-08-16,1.04504097493556
seco_wwa_pre_covid,index,csa,2021-08-23,1.45192874296624
seco_wwa_pre_covid,index,csa,2021-08-30,1.46732619676039
seco_wwa_pre_covid,index,csa,2021-09-06,1.64909618096872
seco_wwa_pre_covid,index,csa,2021-09-13,1.94205766217949
seco_wwa_pre_covid,index,csa,2021-09-20,1.77365812655879
seco_wwa_pre_covid,index,csa,2021-09-27,1.89014969391904
seco_wwa_pre_covid,index,csa,2021-10-04,2.17319586864415
seco_wwa_pre_covid,index,csa,2021-10-11,2.24874020833719
seco_wwa_pre_covid,index,csa,2021-10-18,2.49593787337022
seco_wwa_pre_covid,index,csa,2021-10-25,2.71392506788318
seco_wwa_pre_covid,index,csa,2021-11-01,2.7975811257398
seco_wwa_pre_covid,index,csa,2021-11-08,3.03417946249057
seco_wwa_pre_covid,index,csa,2021-11-15,3.28379826344273
seco_wwa_pre_covid,index,csa,2021-11-22,3.57333921659483
seco_wwa_pre_covid,index,csa,2021-11-29,3.73723099690413
seco_wwa_pre_covid,index,csa,2021-12-06,3.91201063706892
seco_wwa_pre_covid,index,csa,2021-12-13,3.739027027408
seco_wwa_pre_covid,index,csa,2021-12-20,3.55942258569826
seco_wwa_pre_covid,index,csa,2021-12-27,3.46388046354426
seco_wwa_pre_covid,index,csa,2022-01-03,2.80154313513019
seco_wwa_pre_covid,index,csa,2022-01-10,2.1525203500819
seco_wwa_pre_covid,index,csa,2022-01-17,1.70158530811336
seco_wwa_pre_covid,index,csa,2022-01-24,1.23711310540709
seco_wwa_pre_covid,index,csa,2022-01-31,1.49533875988299
seco_wwa_pre_covid,index,csa,2022-02-07,2.22639346999343
seco_wwa_pre_covid,index,csa,2022-02-14,2.42582688581519
seco_wwa_pre_covid,index,csa,2022-02-21,2.50307550518026
seco_wwa_pre_covid,index,csa,2022-02-28,2.35564922875399
seco_wwa_pre_covid,index,csa,2022-03-07,1.84542118131817
seco_wwa_pre_covid,index,csa,2022-03-14,1.69689681633179
seco_wwa_pre_covid,index,csa,2022-03-21,1.49203212968169
seco_wwa_pre_covid,index,csa,2022-03-28,1.43267765520746
seco_wwa_pre_covid,index,csa,2022-04-04,1.31922230810418
seco_wwa_pre_covid,index,csa,2022-04-11,1.19894890058194
seco_wwa_pre_covid,index,csa,2022-04-18,1.20977669367631
seco_wwa_pre_covid,index,csa,2022-04-25,1.18965863495302
seco_wwa_pre_covid,index,csa,2022-05-02,1.37978362321817
seco_wwa_pre_covid,index,csa,2022-05-09,1.75412808366948
seco_wwa_pre_covid,index,csa,2022-05-16,2.14414945253633
seco_wwa_pre_covid,index,csa,2022-05-23,2.53932328646888
seco_wwa_pre_covid,index,csa,2022-05-30,2.98680498831205
seco_wwa_pre_covid,index,csa,2022-06-06,3.13635983752545
seco_wwa_pre_covid,index,csa,2022-06-13,3.31914377319932
seco_wwa_pre_covid,index,csa,2022-06-20,3.37687455678865
seco_wwa_pre_covid,index,csa,2022-06-27,3.52949800313344
seco_wwa_pre_covid,index,csa,2022-07-04,3.51401224133081
seco_wwa_pre_covid,index,csa,2022-07-11,3.44936618592373
seco_wwa_pre_covid,index,csa,2022-07-18,3.28895219047407
seco_wwa_pre_covid,index,csa,2022-07-25,3.13804894648474
seco_wwa_pre_covid,index,csa,2022-08-01,3.19256779358759
seco_wwa_pre_covid,index,csa,2022-08-08,3.13749718328349
seco_wwa_pre_covid,index,csa,2022-08-15,3.30394950826506
seco_wwa_pre_covid,index,csa,2022-08-22,3.33768838650686
seco_wwa_pre_covid,index,csa,2022-08-29,3.42961978392961
seco_wwa_pre_covid,index,csa,2022-09-05,3.54370751713606
seco_wwa_pre_covid,index,csa,2022-09-12,3.58541223803788
seco_wwa_pre_covid,index,csa,2022-09-19,3.58690560954976
seco_wwa_pre_covid,index,csa,2022-09-26,3.41037334030558
seco_wwa_pre_covid,index,csa,2022-10-03,3.27137730306416
seco_wwa_pre_covid,index,csa,2022-10-10,3.09163811713073
seco_wwa_pre_covid,index,csa,2022-10-17,2.93130152120729
seco_wwa_pre_covid,index,csa,2022-10-24,2.79880757152815
seco_wwa_pre_covid,index,csa,2022-10-31,2.66873970784918
seco_wwa_pre_covid,index,csa,2022-11-07,2.6237366625166
seco_wwa_pre_covid,index,csa,2022-11-14,2.53172794312206
seco_wwa_pre_covid,index,csa,2022-11-21,2.28736506977969
seco_wwa_pre_covid,index,csa,2022-11-28,2.0437509452849
seco_wwa_pre_covid,index,csa,2022-12-05,1.83759344889525
